"round","project","bug_id","seed","budget","tests","coverage","line_cov","branch_cov","total_goals","covered_goals","lines","covered_lines","total_branches","covered_branches","buggy_result","buggy_fails","fixed_result","fixed_fails","verdict"
1,"Chart",1,20260918,60,4,9.46,9.06,9.85,848,79,66,52,242,24,"PASS",0,"PASS",0,"NOT_REVEALING"
1,"Chart",10,20260918,60,1,100,100,100,5,5,2,3,0,0,"PASS",0,"FAIL",1,"INCONCLUSIVE"
1,"Chart",11,20260918,60,58,95.78,96.43,95.12,319,305,21,189,116,110,"PASS",0,"PASS",0,"NOT_REVEALING"
1,"Chart",13,20260918,60,14,63.63,63.32,63.93,351,222,10,145,120,76,"PASS",0,"PASS",0,"NOT_REVEALING"
1,"Chart",14,20260918,60,1,"","","",0,0,0,0,0,0,"FAIL",1,"FAIL",1,"INCONCLUSIVE"
1,"Chart",15,20260918,60,1,"","","",0,0,0,0,0,0,"FAIL",1,"FAIL",1,"INCONCLUSIVE"
1,"Chart",16,20260918,60,51,86.95,87.77,86.13,325,283,32,165,128,109,"PASS",0,"PASS",0,"NOT_REVEALING"
1,"Chart",17,20260918,60,54,93.27,94.44,92.11,440,411,44,272,128,116,"PASS",0,"FAIL",2,"INCONCLUSIVE"
1,"Chart",18,20260918,60,50,98.4,99.31,97.48,416,410,45,264,124,120,"PASS",0,"FAIL",2,"INCONCLUSIVE"
1,"Chart",20,20260918,60,7,93.88,95.45,92.31,35,33,6,21,8,7,"PASS",0,"PASS",0,"NOT_REVEALING"
1,"Chart",21,20260918,60,49,93.3,98.14,88.46,239,227,38,158,60,51,"PASS",0,"PASS",0,"NOT_REVEALING"
1,"Chart",22,20260918,60,17,94.22,96.77,91.67,196,186,21,120,58,52,"PASS",0,"FAIL",2,"INCONCLUSIVE"
1,"Chart",23,20260918,60,1,9.95,11.97,7.94,205,22,24,17,46,0,"PASS",0,"PASS",0,"NOT_REVEALING"
1,"Chart",24,20260918,60,8,100,100,100,40,40,7,25,10,10,"PASS",0,"PASS",0,"NOT_REVEALING"
1,"Chart",25,20260918,60,4,8.23,7.47,8.99,263,21,11,13,82,7,"PASS",0,"PASS",0,"NOT_REVEALING"
1,"Chart",26,20260918,60,54,81.08,82.06,78.92,506,409,56,279,130,97,"PASS",0,"PASS",0,"NOT_REVEALING"
1,"Chart",4,20260918,60,1,"","","",0,0,0,0,0,0,"FAIL",1,"FAIL",1,"INCONCLUSIVE"
1,"Chart",5,20260918,60,40,98.84,97.67,100,275,269,34,168,80,80,"PASS",0,"PASS",0,"NOT_REVEALING"
1,"Chart",6,20260918,60,6,47.16,41.38,52.94,46,21,8,12,12,4,"PASS",0,"FAIL",1,"INCONCLUSIVE"
1,"Chart",7,20260918,60,25,99.37,98.74,100,233,230,27,157,54,54,"PASS",0,"PASS",0,"NOT_REVEALING"
1,"Chart",8,20260918,60,25,87.85,90.74,84.34,245,216,25,147,68,55,"PASS",0,"PASS",0,"NOT_REVEALING"
1,"Chart",9,20260918,60,53,94.44,94.81,94.08,441,416,44,274,128,119,"PASS",0,"PASS",0,"NOT_REVEALING"
1,"Cli",1,20260918,120,16,100,100,100,78,78,17,45,22,22,"FAIL",1,"FAIL",1,"INCONCLUSIVE"
1,"Cli",10,20260918,120,16,81.41,84.91,77.92,183,149,12,90,70,53,"FAIL",1,"FAIL",1,"INCONCLUSIVE"
1,"Cli",11,20260918,120,37,"","","",0,0,0,0,0,0,"FAIL",1,"FAIL",1,"INCONCLUSIVE"
1,"Cli",12,20260918,120,3,100,100,100,42,42,2,25,16,16,"FAIL",1,"FAIL",1,"INCONCLUSIVE"
1,"Cli",13,20260918,120,52,64.98,98.85,97.78,348,338,41,189,130,125,"FAIL",3,"FAIL",3,"INCONCLUSIVE"
1,"Cli",14,20260918,120,24,76.31,76.19,76.43,346,260,18,144,148,111,"FAIL",1,"FAIL",1,"INCONCLUSIVE"
1,"Cli",15,20260918,120,26,98.39,100,96.77,155,153,22,93,54,52,"FAIL",1,"FAIL",1,"INCONCLUSIVE"
1,"Cli",16,20260918,120,74,68.76,94.58,92.94,617,537,52,302,252,215,"FAIL",4,"FAIL",4,"INCONCLUSIVE"
1,"Cli",17,20260918,120,9,95.17,97.01,93.33,112,107,8,65,42,39,"FAIL",1,"FAIL",1,"INCONCLUSIVE"
1,"Cli",18,20260918,120,8,90.66,92.42,88.89,111,101,8,61,42,37,"FAIL",1,"FAIL",1,"INCONCLUSIVE"
1,"Cli",19,20260918,120,6,90.47,92.31,88.64,109,99,7,60,42,37,"FAIL",1,"FAIL",1,"INCONCLUSIVE"
1,"Cli",2,20260918,120,9,92.61,94.12,91.11,113,105,8,64,42,38,"FAIL",1,"FAIL",1,"INCONCLUSIVE"
1,"Cli",20,20260918,120,10,95.03,96.88,93.18,108,103,7,62,42,39,"FAIL",1,"FAIL",1,"INCONCLUSIVE"
1,"Cli",21,20260918,120,56,61.44,95.14,94.41,534,478,41,266,222,197,"FAIL",3,"FAIL",3,"INCONCLUSIVE"
1,"Cli",22,20260918,120,7,95.46,98.25,92.68,98,94,7,56,38,35,"FAIL",1,"FAIL",1,"INCONCLUSIVE"
1,"Cli",23,20260918,120,36,"","","",0,0,0,0,0,0,"FAIL",1,"FAIL",1,"INCONCLUSIVE"
1,"Cli",24,20260918,120,37,"","","",0,0,0,0,0,0,"FAIL",1,"FAIL",1,"INCONCLUSIVE"
1,"Cli",25,20260918,120,36,"","","",0,0,0,0,0,0,"FAIL",1,"FAIL",1,"INCONCLUSIVE"
1,"Cli",26,20260918,120,17,98.31,96.61,100,80,78,20,57,4,4,"FAIL",1,"FAIL",1,"INCONCLUSIVE"
1,"Cli",27,20260918,120,7,100,100,100,53,53,9,34,12,12,"FAIL",1,"FAIL",1,"INCONCLUSIVE"
1,"Cli",28,20260918,120,15,84.32,88.12,80.52,178,150,12,89,70,55,"FAIL",1,"FAIL",1,"INCONCLUSIVE"
1,"Cli",29,20260918,120,7,100,100,100,25,25,3,14,10,10,"FAIL",1,"FAIL",1,"INCONCLUSIVE"
1,"Cli",3,20260918,120,7,95.49,85.45,89.29,83,71,10,47,20,17,"FAIL",1,"FAIL",1,"INCONCLUSIVE"
1,"Cli",30,20260918,120,28,71.45,77.18,65.72,530,359,37,214,230,135,"FAIL",2,"FAIL",2,"INCONCLUSIVE"
1,"Cli",31,20260918,120,105,98.53,97.5,99.56,310,304,64,173,92,91,"FAIL",3,"FAIL",3,"INCONCLUSIVE"
1,"Cli",32,20260918,120,38,"","","",0,0,0,0,0,0,"FAIL",1,"FAIL",1,"INCONCLUSIVE"
1,"Cli",33,20260918,120,41,"","","",0,0,0,0,0,0,"FAIL",1,"FAIL",1,"INCONCLUSIVE"
1,"Cli",34,20260918,120,68,98.52,97.49,99.56,309,303,64,172,92,91,"FAIL",2,"FAIL",2,"INCONCLUSIVE"
1,"Cli",35,20260918,120,19,100,100,100,99,99,17,57,32,32,"PASS",0,"PASS",0,"NOT_REVEALING"
1,"Cli",36,20260918,120,28,100,100,100,161,161,26,94,50,50,"PASS",0,"PASS",0,"NOT_REVEALING"
1,"Cli",37,20260918,120,12,51.98,58.29,45.66,360,188,24,109,168,75,"PASS",0,"PASS",0,"NOT_REVEALING"
1,"Cli",38,20260918,120,15,57.58,65.45,49.71,364,211,24,125,168,82,"PASS",0,"PASS",0,"NOT_REVEALING"
1,"Cli",39,20260918,120,13,100,100,100,70,69,10,42,20,20,"PASS",0,"FAIL",1,"INCONCLUSIVE"
1,"Cli",4,20260918,120,12,80.11,83.84,76.39,171,138,9,83,68,51,"FAIL",1,"FAIL",1,"INCONCLUSIVE"
1,"Cli",40,20260918,120,12,77.32,82.22,72.41,74,57,11,37,20,12,"PASS",0,"FAIL",1,"INCONCLUSIVE"
1,"Cli",5,20260918,120,6,100,100,100,20,20,3,11,8,8,"FAIL",1,"FAIL",1,"INCONCLUSIVE"
1,"Cli",7,20260918,120,15,92.52,98.53,85.03,215,191,7,67,144,122,"FAIL",1,"FAIL",1,"INCONCLUSIVE"
1,"Cli",8,20260918,120,32,"","","",0,0,0,0,0,0,"FAIL",1,"FAIL",1,"INCONCLUSIVE"
1,"Cli",9,20260918,120,14,84.07,87.62,80.52,182,153,12,92,70,55,"FAIL",1,"FAIL",1,"INCONCLUSIVE"
1,"Closure",1,20260918,60,5,13.21,16.71,9.71,698,94,31,65,304,28,"PASS",0,"PASS",0,"NOT_REVEALING"
1,"Closure",10,20260918,60,163,43.43,41.77,44.77,3722,1623,172,424,2658,1163,"PASS",0,"PASS",0,"NOT_REVEALING"
1,"Closure",100,20260918,60,8,73.69,82.93,64.44,86,63,5,34,44,28,"PASS",0,"FAIL",2,"INCONCLUSIVE"
1,"Closure",101,20260918,60,5,56.32,75.95,36.84,196,130,14,119,32,8,"PASS",0,"PASS",0,"NOT_REVEALING"
1,"Closure",102,20260918,60,8,38.82,47.57,30.07,338,133,25,88,142,35,"PASS",0,"PASS",0,"NOT_REVEALING"
1,"Closure",103,20260918,60,23,29.88,30.62,29.15,1432,436,102,229,648,192,"FAIL",2,"FAIL",2,"INCONCLUSIVE"
1,"Closure",104,20260918,60,48,97.31,98.44,96.18,323,315,30,189,126,121,"NOT_RUN","","NOT_RUN","","NOT_AVAILABLE"
1,"Closure",105,20260918,60,46,16.07,16.31,15.84,1903,297,46,159,916,143,"PASS",0,"PASS",0,"NOT_REVEALING"
1,"Closure",106,20260918,60,113,68.18,71.31,65.21,1165,674,102,396,530,259,"PASS",0,"FAIL",1,"INCONCLUSIVE"
1,"Closure",107,20260918,60,5,50.1,35.02,22.34,411,124,30,109,78,13,"PASS",0,"PASS",0,"NOT_REVEALING"
1,"Closure",108,20260918,60,1,16.31,17.83,14.79,427,71,27,46,156,19,"PASS",0,"PASS",0,"NOT_REVEALING"
1,"Closure",109,20260918,60,31,24.42,26.75,22.88,1990,497,79,302,832,176,"PASS",0,"PASS",0,"NOT_REVEALING"
1,"Closure",11,20260918,60,15,15.39,11.39,19.4,1746,280,41,82,1018,193,"PASS",0,"PASS",0,"NOT_REVEALING"
1,"Closure",110,20260918,60,202,46.96,51.62,42.3,1983,1299,287,777,748,412,"PASS",0,"FAIL",1,"INCONCLUSIVE"
1,"Closure",111,20260918,60,3,27.3,27.85,26.76,150,41,22,22,46,5,"PASS",0,"PASS",0,"NOT_REVEALING"
1,"Closure",112,20260918,60,3,0.41,0.42,0.26,1477,5,55,3,756,2,"PASS",0,"PASS",0,"NOT_REVEALING"
1,"Closure",113,20260918,60,2,11.59,11.74,11.43,895,103,44,64,340,37,"PASS",0,"PASS",0,"NOT_REVEALING"
1,"Closure",114,20260918,60,4,15.41,18.89,11.94,1297,205,80,139,536,62,"PASS",0,"PASS",0,"NOT_REVEALING"
1,"Closure",115,20260918,60,8,9.38,12.94,5.81,544,51,31,37,242,12,"PASS",0,"PASS",0,"NOT_REVEALING"
1,"Closure",116,20260918,60,11,12.53,15.47,9.6,528,64,31,43,234,21,"PASS",0,"PASS",0,"NOT_REVEALING"
1,"Closure",117,20260918,60,4,4.48,6.72,2.25,490,23,38,18,210,2,"PASS",0,"PASS",0,"NOT_REVEALING"
1,"Closure",118,20260918,60,11,12.21,14.98,9.43,825,103,63,68,354,29,"PASS",0,"PASS",0,"NOT_REVEALING"
1,"Closure",119,20260918,60,54,28.94,34.51,23.64,976,278,81,164,460,86,"PASS",0,"PASS",0,"NOT_REVEALING"
1,"Closure",12,20260918,60,4,12.53,14.94,8.97,165,19,16,13,68,3,"PASS",0,"PASS",0,"NOT_REVEALING"
1,"Closure",120,20260918,60,35,42.51,54.41,30.61,400,165,54,111,168,38,"PASS",0,"PASS",0,"NOT_REVEALING"
1,"Closure",121,20260918,60,3,4.86,6.21,3.52,546,26,32,18,250,7,"PASS",0,"PASS",0,"NOT_REVEALING"
1,"Closure",122,20260918,60,10,25.27,17.86,32.67,1341,337,90,122,620,204,"PASS",0,"PASS",0,"NOT_REVEALING"
1,"Closure",123,20260918,60,24,12.89,15.71,9.92,1419,170,35,100,764,66,"PASS",0,"PASS",0,"NOT_REVEALING"
1,"Closure",124,20260918,60,1,6.67,8.75,4.6,167,11,7,7,86,3,"PASS",0,"PASS",0,"NOT_REVEALING"
1,"Closure",125,20260918,60,10,13.67,9.59,17.75,1928,273,44,79,1096,190,"PASS",0,"PASS",0,"NOT_REVEALING"
1,"Closure",126,20260918,60,6,28.92,24.51,33.33,180,50,7,25,76,24,"PASS",0,"PASS",0,"NOT_REVEALING"
1,"Closure",127,20260918,60,1,6.49,9.09,3.9,154,9,9,7,74,0,"PASS",0,"PASS",0,"NOT_REVEALING"
1,"Closure",128,20260918,60,22,13.07,15.06,10.94,1399,172,35,94,756,74,"PASS",0,"PASS",0,"NOT_REVEALING"
1,"Closure",129,20260918,60,7,50.77,54.17,47.37,129,66,13,39,54,24,"PASS",0,"PASS",0,"NOT_REVEALING"
1,"Closure",13,20260918,60,3,81.87,88.24,75.51,134,112,18,75,40,29,"PASS",0,"PASS",0,"NOT_REVEALING"
1,"Closure",130,20260918,60,2,4.53,5.77,3.3,637,30,24,21,268,8,"PASS",0,"PASS",0,"NOT_REVEALING"
1,"Closure",131,20260918,60,105,83.92,86.73,80.78,420,346,3,98,306,247,"PASS",0,"PASS",0,"NOT_REVEALING"
1,"Closure",132,20260918,60,16,8.01,6.75,9.27,1356,102,52,50,604,55,"PASS",0,"PASS",0,"NOT_REVEALING"
1,"Closure",133,20260918,60,27,24.69,26.26,23.12,1874,466,70,282,774,163,"PASS",0,"PASS",0,"NOT_REVEALING"
1,"Closure",134,20260918,60,10,19.42,24.35,13.98,1454,237,74,171,604,57,"FAIL",2,"FAIL",2,"INCONCLUSIVE"
1,"Closure",135,20260918,60,69,49.14,51.03,47.29,761,501,62,274,324,211,"NOT_RUN","","NOT_RUN","","NOT_AVAILABLE"
1,"Closure",136,20260918,60,17,51.36,58.7,44.01,438,242,26,161,170,76,"PASS",0,"PASS",0,"NOT_REVEALING"
1,"Closure",137,20260918,60,173,52.49,56.72,48.5,2849,1476,170,499,1882,927,"PASS",0,"PASS",0,"NOT_REVEALING"
1,"Closure",138,20260918,60,16,22.96,19.24,26.57,1238,262,63,86,616,159,"PASS",0,"PASS",0,"NOT_REVEALING"
1,"Closure",139,20260918,60,10,43.07,51.53,34.62,352,152,28,101,144,42,"PASS",0,"PASS",0,"NOT_REVEALING"
1,"Closure",14,20260918,60,18,34.66,30.1,39.23,815,282,45,121,392,154,"PASS",0,"PASS",0,"NOT_REVEALING"
1,"Closure",140,20260918,60,76,49.83,54.05,45.61,982,486,130,340,266,82,"FAIL",1,"FAIL",1,"INCONCLUSIVE"
1,"Closure",141,20260918,60,146,35.24,38.49,31.97,2712,1247,145,362,1842,859,"NOT_RUN","","NOT_RUN","","NOT_AVAILABLE"
1,"Closure",142,20260918,60,23,12.71,13.27,11.21,1794,302,83,178,736,111,"PASS",0,"PASS",0,"NOT_REVEALING"
1,"Closure",143,20260918,60,17,35.22,40.04,30.4,717,261,60,187,212,38,"PASS",0,"PASS",0,"NOT_REVEALING"
1,"Closure",144,20260918,60,105,63.18,66.62,59.76,2168,977,131,584,924,355,"NOT_RUN","","NOT_RUN","","NOT_AVAILABLE"
1,"Closure",145,20260918,60,20,13.83,16.24,11.08,1164,147,31,82,646,62,"PASS",0,"PASS",0,"NOT_REVEALING"
1,"Closure",146,20260918,60,82,91.78,91.98,91.58,377,346,79,172,132,117,"PASS",0,"PASS",0,"NOT_REVEALING"
1,"Closure",147,20260918,60,15,45.07,48.94,40.87,353,122,25,70,140,50,"PASS",0,"PASS",0,"NOT_REVEALING"
1,"Closure",148,20260918,60,24,20.9,22.01,19.79,1571,279,41,105,868,167,"NOT_RUN","","NOT_RUN","","NOT_AVAILABLE"
1,"Closure",149,20260918,60,133,63.03,69.74,56.26,2408,1370,264,1004,618,213,"NOT_RUN","","NOT_RUN","","NOT_AVAILABLE"
1,"Closure",15,20260918,60,4,4.25,5.1,3.4,304,12,20,8,134,1,"PASS",0,"PASS",0,"NOT_REVEALING"
1,"Closure",150,20260918,60,1,14.52,1.54,0.37,1189,12,52,10,524,0,"PASS",0,"PASS",0,"NOT_REVEALING"
1,"Closure",151,20260918,60,6,59.02,74.58,43.75,225,150,15,130,42,15,"PASS",0,"PASS",0,"NOT_REVEALING"
1,"Closure",152,20260918,60,60,"","","",0,0,0,0,0,0,"PASS",0,"PASS",0,"NOT_REVEALING"
1,"Closure",153,20260918,60,11,32.66,34.13,31.2,649,221,41,127,264,84,"PASS",0,"PASS",0,"NOT_REVEALING"
1,"Closure",154,20260918,60,19,9.87,8.52,11.22,2055,267,77,80,1136,182,"PASS",0,"PASS",0,"NOT_REVEALING"
1,"Closure",155,20260918,60,80,50.9,56.53,45.3,1060,425,117,252,452,124,"PASS",0,"PASS",0,"NOT_REVEALING"
1,"Closure",156,20260918,60,3,5.01,6.4,3.61,577,30,23,21,244,8,"PASS",0,"PASS",0,"NOT_REVEALING"
1,"Closure",157,20260918,60,30,10.69,14.55,6.72,2708,316,130,203,1340,101,"PASS",0,"PASS",0,"NOT_REVEALING"
1,"Closure",158,20260918,60,39,64.11,49.03,41.06,1254,563,105,427,352,88,"PASS",0,"NOT_RUN","","NOT_AVAILABLE"
1,"Closure",159,20260918,60,10,9.35,10.68,8.02,736,70,79,44,284,24,"NOT_RUN","","NOT_RUN","","NOT_AVAILABLE"
1,"Closure",16,20260918,60,2,19.77,22.4,17.14,332,67,24,43,128,18,"PASS",0,"PASS",0,"NOT_REVEALING"
1,"Closure",160,20260918,60,73,64.77,69.5,59.56,1219,785,148,531,358,184,"NOT_RUN","","NOT_RUN","","NOT_AVAILABLE"
1,"Closure",161,20260918,60,29,15.89,7.53,24.24,1647,294,31,47,1022,247,"PASS",0,"PASS",0,"NOT_REVEALING"
1,"Closure",162,20260918,60,59,50.77,56.35,45.3,525,270,78,162,182,65,"PASS",0,"PASS",0,"NOT_REVEALING"
1,"Closure",163,20260918,60,20,32.01,36.22,27.81,517,215,49,146,178,46,"NOT_RUN","","NOT_RUN","","NOT_AVAILABLE"
1,"Closure",164,20260918,60,27,96.75,100,93.51,166,161,14,89,70,65,"NOT_RUN","","NOT_RUN","","NOT_AVAILABLE"
1,"Closure",165,20260918,60,119,86.24,89.91,82.58,1246,974,154,668,324,208,"NOT_RUN","","NOT_RUN","","NOT_AVAILABLE"
1,"Closure",166,20260918,60,39,79.98,85.84,74.11,416,334,42,188,186,135,"PASS",0,"PASS",0,"NOT_REVEALING"
1,"Closure",167,20260918,60,108,67.05,68.25,65.85,1000,696,133,348,418,276,"NOT_RUN","","NOT_RUN","","NOT_AVAILABLE"
1,"Closure",168,20260918,60,4,14.4,18.88,9.92,1620,239,64,165,730,65,"PASS",0,"PASS",0,"NOT_REVEALING"
1,"Closure",169,20260918,60,271,86.23,90.05,82.67,2408,2010,250,1108,1018,798,"NOT_RUN","","NOT_RUN","","NOT_AVAILABLE"
1,"Closure",17,20260918,60,3,14.3,18.74,9.86,1589,233,64,161,714,63,"PASS",0,"PASS",0,"NOT_REVEALING"
1,"Closure",170,20260918,60,4,4.15,5.29,3.01,336,13,21,9,152,1,"PASS",0,"PASS",0,"NOT_REVEALING"
1,"Closure",171,20260918,60,8,5.94,8.14,3.68,3193,207,122,148,1538,50,"PASS",0,"PASS",0,"NOT_REVEALING"
1,"Closure",172,20260918,60,1,0.93,1.61,0.25,1738,17,67,15,792,0,"PASS",0,"PASS",0,"NOT_REVEALING"
1,"Closure",173,20260918,60,33,13.41,15.29,11.6,1912,250,56,143,998,104,"PASS",0,"PASS",0,"NOT_REVEALING"
1,"Closure",174,20260918,60,159,50.81,52.68,49,4203,1588,217,496,2778,1048,"FAIL",3,"FAIL",4,"INCONCLUSIVE"
1,"Closure",175,20260918,60,11,18.03,20.86,14.8,528,90,31,58,234,34,"PASS",0,"PASS",0,"NOT_REVEALING"
1,"Closure",176,20260918,60,8,14.07,6.58,21.44,1523,217,56,48,778,167,"PASS",0,"PASS",0,"NOT_REVEALING"
1,"Closure",18,20260918,60,90,50.52,54.29,46.74,1545,782,175,531,456,167,"NOT_RUN","","NOT_RUN","","NOT_AVAILABLE"
1,"Closure",19,20260918,60,41,53.17,55.09,51.25,327,171,80,92,100,51,"PASS",0,"PASS",0,"NOT_REVEALING"
1,"Closure",2,20260918,60,11,12.06,6.75,17.05,1806,228,42,51,1042,174,"PASS",0,"PASS",0,"NOT_REVEALING"
1,"Closure",20,20260918,60,17,9.51,8.38,10.64,1351,125,52,62,600,63,"FAIL",5,"FAIL",5,"INCONCLUSIVE"
1,"Closure",21,20260918,60,8,64.1,70,58.21,147,93,9,56,62,34,"PASS",0,"PASS",0,"NOT_REVEALING"
1,"Closure",22,20260918,60,8,47.36,52.94,41.77,164,78,9,45,74,29,"PASS",0,"PASS",0,"NOT_REVEALING"
1,"Closure",23,20260918,60,32,13.4,4.54,22.26,1770,273,35,31,1086,241,"PASS",0,"PASS",0,"NOT_REVEALING"
1,"Closure",24,20260918,60,2,22.18,24.54,19.83,279,63,22,40,104,17,"PASS",0,"PASS",0,"NOT_REVEALING"
1,"Closure",25,20260918,60,3,0.99,1.5,0.3,1257,11,47,9,644,2,"PASS",0,"PASS",0,"NOT_REVEALING"
1,"Closure",26,20260918,60,7,56.52,60.95,52.08,153,85,17,64,40,18,"PASS",0,"PASS",0,"NOT_REVEALING"
1,"Closure",27,20260918,60,102,82.81,85.03,80.59,563,450,71,159,324,251,"PASS",0,"FAIL",1,"INCONCLUSIVE"
1,"Closure",28,20260918,60,3,96,92,100,35,33,10,23,2,2,"PASS",0,"FAIL",2,"INCONCLUSIVE"
1,"Closure",29,20260918,60,1,3.17,4.65,1.69,290,9,13,8,114,0,"PASS",0,"PASS",0,"NOT_REVEALING"
1,"Closure",3,20260918,60,4,4.26,5.39,3.12,327,13,21,9,146,1,"PASS",0,"PASS",0,"NOT_REVEALING"
1,"Closure",30,20260918,60,5,8.43,11.12,5.44,640,53,41,36,296,9,"PASS",0,"FAIL",1,"INCONCLUSIVE"
1,"Closure",31,20260918,60,91,53.8,59.33,49.26,1498,822,170,566,436,171,"PASS",0,"PASS",0,"NOT_REVEALING"
1,"Closure",32,20260918,60,19,18.69,19.08,18.3,1770,330,68,196,718,119,"PASS",0,"PASS",0,"NOT_REVEALING"
1,"Closure",33,20260918,60,44,85.89,90.23,81.54,410,353,41,194,184,148,"PASS",0,"PASS",0,"NOT_REVEALING"
1,"Closure",34,20260918,60,37,33.9,37.73,30.07,1738,384,84,239,852,125,"PASS",0,"PASS",0,"NOT_REVEALING"
1,"Closure",35,20260918,60,16,17.63,10.81,24.3,1295,228,47,67,662,161,"PASS",0,"PASS",0,"NOT_REVEALING"
1,"Closure",36,20260918,60,3,4.98,6.38,3.57,534,26,32,18,246,7,"PASS",0,"PASS",0,"NOT_REVEALING"
1,"Closure",37,20260918,60,33,44.72,40.89,45.1,1524,516,132,247,636,252,"PASS",0,"PASS",0,"NOT_REVEALING"
1,"Closure",38,20260918,60,6,6.57,2.68,10.47,198,12,32,3,64,9,"PASS",0,"PASS",0,"NOT_REVEALING"
1,"Closure",39,20260918,60,38,81.58,87.75,75.41,387,317,40,179,172,127,"PASS",0,"PASS",0,"NOT_REVEALING"
1,"Closure",4,20260918,60,14,65.29,73.28,57.29,227,151,22,96,86,46,"PASS",0,"PASS",0,"NOT_REVEALING"
1,"Closure",40,20260918,60,7,20.72,24.25,17.19,1209,254,74,169,488,83,"PASS",0,"PASS",0,"NOT_REVEALING"
1,"Closure",41,20260918,60,24,39.58,45.17,33.99,574,229,40,145,240,75,"PASS",0,"PASS",0,"NOT_REVEALING"
1,"Closure",42,20260918,60,6,25.17,15.88,34.46,1155,287,82,94,524,187,"PASS",0,"PASS",0,"NOT_REVEALING"
1,"Closure",43,20260918,60,4,23.3,29.6,17.01,1509,360,64,243,672,107,"PASS",0,"PASS",0,"NOT_REVEALING"
1,"Closure",44,20260918,60,6,6.86,2.75,10.98,191,12,32,3,60,9,"PASS",0,"PASS",0,"NOT_REVEALING"
1,"Closure",45,20260918,60,5,13.96,17.75,10.16,688,99,31,68,300,29,"PASS",0,"PASS",0,"NOT_REVEALING"
1,"Closure",46,20260918,60,19,87.18,92.66,81.71,191,168,10,101,80,65,"PASS",0,"FAIL",2,"INCONCLUSIVE"
1,"Closure",47,20260918,60,10,6.18,8.4,3.94,562,41,60,33,176,3,"PASS",0,"PASS",0,"NOT_REVEALING"
1,"Closure",48,20260918,60,3,24.81,31.44,18.18,1493,379,63,255,666,114,"PASS",0,"PASS",0,"NOT_REVEALING"
1,"Closure",49,20260918,60,21,57.26,59.07,55.15,329,185,39,113,118,57,"PASS",0,"PASS",0,"NOT_REVEALING"
1,"Closure",5,20260918,60,1,3.04,4.47,1.61,303,9,13,8,120,0,"PASS",0,"PASS",0,"NOT_REVEALING"
1,"Closure",50,20260918,60,4,9.36,10.75,7.97,558,53,15,33,248,19,"PASS",0,"PASS",0,"NOT_REVEALING"
1,"Closure",51,20260918,60,4,4.87,1.85,7.89,184,8,31,2,54,6,"PASS",0,"PASS",0,"NOT_REVEALING"
1,"Closure",52,20260918,60,25,16.98,20.44,13.35,1321,207,36,120,720,85,"PASS",0,"FAIL",1,"INCONCLUSIVE"
1,"Closure",53,20260918,60,1,3.19,4.76,1.61,292,9,13,8,120,0,"PASS",0,"PASS",0,"NOT_REVEALING"
1,"Closure",54,20260918,60,70,47.13,51.68,42.91,2140,869,119,526,938,313,"NOT_RUN","","NOT_RUN","","NOT_AVAILABLE"
1,"Closure",55,20260918,60,5,"","","",0,0,0,0,0,0,"PASS",0,"PASS",0,"NOT_REVEALING"
1,"Closure",56,20260918,60,30,96.96,97.87,96.05,217,211,40,138,48,45,"FAIL",2,"FAIL",2,"INCONCLUSIVE"
1,"Closure",57,20260918,60,24,37.68,44.93,30.43,253,97,24,62,102,22,"PASS",0,"PASS",0,"NOT_REVEALING"
1,"Closure",58,20260918,60,17,54.89,53.92,54.88,184,97,20,55,72,36,"PASS",0,"PASS",0,"NOT_REVEALING"
1,"Closure",59,20260918,60,85,57.09,61.2,52.04,1251,713,151,439,366,142,"NOT_RUN","","NOT_RUN","","NOT_AVAILABLE"
1,"Closure",6,20260918,60,4,4.88,7.2,2.56,498,25,38,19,222,1,"PASS",0,"PASS",0,"NOT_REVEALING"
1,"Closure",60,20260918,60,189,46.01,46.25,46.21,3345,1538,172,425,2380,1075,"NOT_RUN","","NOT_RUN","","NOT_AVAILABLE"
1,"Closure",61,20260918,60,160,47.93,48.96,46.9,3337,1576,172,448,2376,1090,"PASS",0,"PASS",0,"NOT_REVEALING"
1,"Closure",62,20260918,60,8,"","","",0,0,0,0,0,0,"PASS",0,"PASS",0,"NOT_REVEALING"
1,"Closure",64,20260918,60,89,52.73,54.12,47.24,1218,611,148,414,356,127,"NOT_RUN","","NOT_RUN","","NOT_AVAILABLE"
1,"Closure",65,20260918,60,28,15.23,18.74,11.85,1321,188,36,110,720,74,"PASS",0,"PASS",0,"NOT_REVEALING"
1,"Closure",66,20260918,60,23,25.52,18.92,32.36,1713,456,41,137,980,313,"PASS",0,"PASS",0,"NOT_REVEALING"
1,"Closure",67,20260918,60,16,52.04,61.89,42.2,417,223,43,151,150,52,"NOT_RUN","","NOT_RUN","","NOT_AVAILABLE"
1,"Closure",68,20260918,60,17,17.38,17.75,17.01,1720,300,67,177,698,106,"PASS",0,"PASS",0,"NOT_REVEALING"
1,"Closure",69,20260918,60,10,15.62,12.95,20.22,1697,290,41,93,970,192,"PASS",0,"PASS",0,"NOT_REVEALING"
1,"Closure",7,20260918,60,42,55.98,57.65,54.32,332,184,80,98,102,54,"NOT_RUN","","NOT_RUN","","NOT_AVAILABLE"
1,"Closure",70,20260918,60,7,12.86,15.92,9.8,1448,190,59,125,648,56,"PASS",0,"PASS",0,"NOT_REVEALING"
1,"Closure",71,20260918,60,3,18.79,24.1,13.48,479,91,22,60,226,27,"PASS",0,"PASS",0,"NOT_REVEALING"
1,"Closure",72,20260918,60,11,7.79,10.87,4.71,223,19,15,15,80,0,"PASS",0,"PASS",0,"NOT_REVEALING"
1,"Closure",73,20260918,60,25,14.01,16.09,11.61,1310,170,35,93,718,73,"PASS",0,"FAIL",1,"INCONCLUSIVE"
1,"Closure",74,20260918,60,19,12.78,5.84,21.27,1935,288,36,46,1144,243,"PASS",0,"PASS",0,"NOT_REVEALING"
1,"Closure",75,20260918,60,148,45.97,44.75,46.85,3302,1519,170,405,2350,1077,"NOT_RUN","","NOT_RUN","","NOT_AVAILABLE"
1,"Closure",76,20260918,60,1,5.81,8.33,3.29,296,17,13,12,146,1,"PASS",0,"PASS",0,"NOT_REVEALING"
1,"Closure",77,20260918,60,16,12.39,14.82,9.64,1276,144,33,83,702,57,"PASS",0,"PASS",0,"NOT_REVEALING"
1,"Closure",78,20260918,60,33,15.11,7.98,24.93,1855,332,35,60,1100,274,"PASS",0,"PASS",0,"NOT_REVEALING"
1,"Closure",79,20260918,60,12,32.83,36.27,29.39,512,170,33,103,214,54,"PASS",0,"PASS",0,"NOT_REVEALING"
1,"Closure",8,20260918,60,1,16.17,20.48,11.86,142,24,8,17,58,7,"PASS",0,"PASS",0,"NOT_REVEALING"
1,"Closure",80,20260918,60,129,45.11,44.11,45.75,3302,1485,170,397,2356,1053,"NOT_RUN","","NOT_RUN","","NOT_AVAILABLE"
1,"Closure",81,20260918,60,4,9.5,13.99,5.01,1125,109,74,82,500,22,"PASS",0,"PASS",0,"NOT_REVEALING"
1,"Closure",82,20260918,60,80,90.19,91.78,88.6,447,402,85,201,166,143,"NOT_RUN","","NOT_RUN","","NOT_AVAILABLE"
1,"Closure",83,20260918,60,6,58.29,72.87,44,238,156,15,135,44,16,"PASS",0,"PASS",0,"NOT_REVEALING"
1,"Closure",84,20260918,60,6,10.87,15.61,6.13,1057,114,70,86,468,22,"PASS",0,"PASS",0,"NOT_REVEALING"
1,"Closure",85,20260918,60,5,56.88,64.47,47.89,147,83,8,49,66,30,"PASS",0,"PASS",0,"NOT_REVEALING"
1,"Closure",86,20260918,60,109,45.89,45.43,46.03,2795,1271,141,338,2014,908,"PASS",0,"PASS",0,"NOT_REVEALING"
1,"Closure",87,20260918,60,12,12.3,10.86,13.74,806,93,29,48,354,49,"PASS",0,"PASS",0,"NOT_REVEALING"
1,"Closure",88,20260918,60,1,6.85,9.52,4.17,246,17,12,12,114,1,"PASS",0,"PASS",0,"NOT_REVEALING"
1,"Closure",89,20260918,60,44,22.41,26.72,18.49,1335,344,75,199,620,130,"PASS",0,"PASS",0,"NOT_REVEALING"
1,"Closure",9,20260918,60,7,67.7,64.81,70.59,159,104,17,70,44,30,"PASS",0,"PASS",0,"NOT_REVEALING"
1,"Closure",90,20260918,60,55,32.69,6.57,2.47,532,25,26,19,240,6,"PASS",0,"PASS",0,"NOT_REVEALING"
1,"Closure",91,20260918,60,8,63.36,70,56.72,117,73,5,35,66,37,"PASS",0,"PASS",0,"NOT_REVEALING"
1,"Closure",92,20260918,60,6,14.81,16.5,13.12,676,102,30,65,274,35,"PASS",0,"PASS",0,"NOT_REVEALING"
1,"Closure",94,20260918,60,126,49.5,49.93,48.67,2635,1286,131,338,1922,917,"PASS",0,"PASS",0,"NOT_REVEALING"
1,"Closure",95,20260918,60,7,15.39,18.71,12.08,1182,185,54,122,514,55,"PASS",0,"PASS",0,"NOT_REVEALING"
1,"Closure",96,20260918,60,12,15.14,10.03,20.24,1537,245,38,63,900,179,"PASS",0,"PASS",0,"NOT_REVEALING"
1,"Closure",97,20260918,60,17,14.6,9.76,19.45,1304,201,20,53,760,147,"PASS",0,"PASS",0,"NOT_REVEALING"
1,"Closure",98,20260918,60,29,55.12,66.26,43.98,329,180,43,108,146,54,"PASS",0,"PASS",0,"NOT_REVEALING"
1,"Closure",99,20260918,60,8,57.42,67.39,47.46,105,59,5,31,58,27,"PASS",0,"PASS",0,"NOT_REVEALING"
1,"Codec",1,20260918,60,43,98.97,99.2,98.74,496,484,21,252,230,222,"PASS",0,"PASS",0,"NOT_REVEALING"
1,"Codec",10,20260918,60,5,100,100,100,78,78,5,69,6,6,"PASS",0,"PASS",0,"NOT_REVEALING"
1,"Codec",11,20260918,60,18,96.25,97.26,95.24,115,110,14,71,36,34,"PASS",0,"FAIL",1,"INCONCLUSIVE"
1,"Codec",12,20260918,60,9,93.03,96.77,89.29,59,55,4,30,26,23,"PASS",0,"PASS",0,"NOT_REVEALING"
1,"Codec",13,20260918,60,88,92.46,94.66,90.26,997,852,68,429,492,395,"PASS",0,"FAIL",4,"INCONCLUSIVE"
1,"Codec",14,20260918,60,9,18.14,19.62,16.67,242,42,23,31,72,11,"FAIL",3,"FAIL",3,"INCONCLUSIVE"
1,"Codec",15,20260918,60,10,98.81,100,97.62,93,92,12,49,34,33,"PASS",0,"PASS",0,"NOT_REVEALING"
1,"Codec",16,20260918,60,22,100,100,100,256,256,11,161,88,88,"PASS",0,"PASS",0,"NOT_REVEALING"
1,"Codec",17,20260918,60,24,100,100,100,74,74,21,39,20,20,"PASS",0,"PASS",0,"NOT_REVEALING"
1,"Codec",18,20260918,60,22,100,100,100,74,74,21,39,20,20,"PASS",0,"PASS",0,"NOT_REVEALING"
1,"Codec",2,20260918,60,32,97.13,97.62,96.65,389,377,32,205,168,162,"PASS",0,"PASS",0,"NOT_REVEALING"
1,"Codec",3,20260918,60,74,83.99,88.42,79.56,953,797,56,397,484,382,"PASS",0,"PASS",0,"NOT_REVEALING"
1,"Codec",4,20260918,60,42,98.98,100,97.97,424,420,39,227,180,176,"PASS",0,"PASS",0,"NOT_REVEALING"
1,"Codec",5,20260918,60,40,98.98,100,97.46,424,419,39,227,180,175,"PASS",0,"PASS",0,"NOT_REVEALING"
1,"Codec",6,20260918,60,11,95.31,100,90.62,68,65,6,35,28,25,"PASS",0,"FAIL",1,"INCONCLUSIVE"
1,"Codec",7,20260918,60,13,98.76,51.53,44.78,430,207,39,118,184,82,"PASS",0,"PASS",0,"NOT_REVEALING"
1,"Codec",8,20260918,60,51,95.98,98.49,92.77,487,471,45,255,208,194,"PASS",0,"NOT_RUN","","NOT_AVAILABLE"
1,"Codec",9,20260918,60,17,95.45,69.91,60.1,409,265,40,151,174,108,"PASS",0,"PASS",0,"NOT_REVEALING"
1,"Collections",1,20260918,60,72,64.32,63.06,66.6,978,633,62,309,466,303,"PASS",0,"PASS",0,"NOT_REVEALING"
1,"Collections",10,20260918,60,23,86.9,88.24,84.72,191,165,30,105,56,48,"PASS",0,"PASS",0,"NOT_REVEALING"
1,"Collections",11,20260918,60,11,94.29,88.57,100,57,49,13,31,12,12,"PASS",0,"PASS",0,"NOT_REVEALING"
1,"Collections",12,20260918,60,50,63.03,66.19,56.21,797,491,68,321,282,148,"PASS",0,"PASS",0,"NOT_REVEALING"
1,"Collections",13,20260918,60,47,58.19,60.98,54.25,798,463,68,296,282,142,"FAIL",2,"FAIL",2,"INCONCLUSIVE"
1,"Collections",14,20260918,60,6,72.22,66.67,77.78,27,19,8,12,2,2,"PASS",0,"PASS",0,"NOT_REVEALING"
1,"Collections",15,20260918,60,21,100,100,100,137,137,28,86,32,32,"PASS",0,"FAIL",1,"INCONCLUSIVE"
1,"Collections",16,20260918,60,26,100,100,100,137,137,28,86,32,32,"PASS",0,"PASS",0,"NOT_REVEALING"
1,"Collections",17,20260918,60,3,100,78.57,62.5,22,16,6,11,4,2,"PASS",0,"PASS",0,"NOT_REVEALING"
1,"Collections",18,20260918,60,22,96.5,95.6,96.3,145,138,27,87,38,38,"PASS",0,"PASS",0,"NOT_REVEALING"
1,"Collections",19,20260918,60,24,91.37,94.5,88.24,177,162,29,103,52,44,"PASS",0,"PASS",0,"NOT_REVEALING"
1,"Collections",2,20260918,60,50,57.37,58.8,51.69,762,422,65,271,272,129,"FAIL",1,"FAIL",1,"INCONCLUSIVE"
1,"Collections",20,20260918,60,27,"","","",0,0,0,0,0,0,"PASS",0,"PASS",0,"NOT_REVEALING"
1,"Collections",21,20260918,60,22,91.37,94.5,88.24,177,162,29,103,52,44,"PASS",0,"PASS",0,"NOT_REVEALING"
1,"Collections",22,20260918,60,42,82.92,84.82,80.51,309,254,72,162,64,43,"PASS",0,"PASS",0,"NOT_REVEALING"
1,"Collections",23,20260918,60,1,9.63,12.12,7.14,61,6,27,4,2,1,"PASS",0,"PASS",0,"NOT_REVEALING"
1,"Collections",24,20260918,60,5,70.78,72,69.57,48,34,13,18,12,12,"PASS",0,"PASS",0,"NOT_REVEALING"
1,"Collections",25,20260918,60,88,93.64,93.27,94.01,375,350,67,194,126,118,"PASS",0,"PASS",0,"NOT_REVEALING"
1,"Collections",26,20260918,60,8,89.72,83.78,95.65,60,49,14,31,12,12,"PASS",0,"PASS",0,"NOT_REVEALING"
1,"Collections",27,20260918,60,20,77.59,79.67,74.7,206,158,37,98,58,46,"PASS",0,"PASS",0,"NOT_REVEALING"
1,"Collections",28,20260918,60,80,48.34,52.07,44.85,1424,697,156,424,542,248,"PASS",0,"PASS",0,"NOT_REVEALING"
1,"Collections",3,20260918,60,102,94.26,94.8,93.73,598,560,48,310,258,241,"PASS",0,"PASS",0,"NOT_REVEALING"
1,"Collections",4,20260918,60,24,91.13,92.79,88.57,181,164,28,103,56,49,"PASS",0,"PASS",0,"NOT_REVEALING"
1,"Collections",5,20260918,60,23,100,100,100,131,131,28,82,30,30,"PASS",0,"PASS",0,"NOT_REVEALING"
1,"Collections",6,20260918,60,82,70.46,71.46,69.47,982,691,62,353,466,317,"PASS",0,"PASS",0,"NOT_REVEALING"
1,"Collections",7,20260918,60,57,66.4,68.25,60.78,791,506,66,327,284,164,"FAIL",8,"FAIL",8,"INCONCLUSIVE"
1,"Collections",8,20260918,60,9,83.38,82.14,84.62,123,102,15,69,36,30,"PASS",0,"PASS",0,"NOT_REVEALING"
1,"Collections",9,20260918,60,55,69.6,71.81,63.31,801,541,68,350,284,171,"FAIL",4,"FAIL",4,"INCONCLUSIVE"
1,"Compress",1,20260918,60,20,91.99,96.34,87.63,261,243,19,158,88,76,"PASS",0,"PASS",0,"NOT_REVEALING"
1,"Compress",10,20260918,60,7,14.05,14.09,13.33,433,56,32,42,120,13,"FAIL",1,"FAIL",1,"INCONCLUSIVE"
1,"Compress",11,20260918,60,20,85.31,85.51,85.11,116,97,4,59,46,39,"FAIL",2,"FAIL",3,"INCONCLUSIVE"
1,"Compress",12,20260918,60,16,29.54,32.47,26.61,318,95,23,63,110,22,"PASS",0,"PASS",0,"NOT_REVEALING"
1,"Compress",13,20260918,60,47,96.31,95.71,96.12,339,322,43,191,104,99,"PASS",0,"PASS",0,"NOT_REVEALING"
1,"Compress",14,20260918,60,25,93.95,95.05,92.86,171,161,13,96,66,61,"PASS",0,"FAIL",4,"INCONCLUSIVE"
1,"Compress",15,20260918,60,47,96.78,95.77,97.01,347,331,43,194,110,106,"PASS",0,"PASS",0,"NOT_REVEALING"
1,"Compress",16,20260918,60,21,85.71,85.71,85.71,119,101,4,60,48,41,"FAIL",2,"FAIL",2,"INCONCLUSIVE"
1,"Compress",17,20260918,60,25,76.58,78.86,72.58,299,225,23,138,116,84,"PASS",0,"PASS",0,"NOT_REVEALING"
1,"Compress",18,20260918,60,22,81.39,84,78.79,299,246,26,168,84,63,"PASS",0,"FAIL",1,"INCONCLUSIVE"
1,"Compress",19,20260918,60,21,90.7,88.35,93.06,175,158,20,91,60,55,"PASS",0,"PASS",0,"NOT_REVEALING"
1,"Compress",2,20260918,60,9,64.76,73.97,55.56,118,79,8,54,42,22,"PASS",0,"PASS",0,"NOT_REVEALING"
1,"Compress",20,20260918,60,16,37.66,36.15,39.17,333,121,20,77,114,44,"PASS",0,"PASS",0,"NOT_REVEALING"
1,"Compress",21,20260918,60,7,67.5,71.91,57.42,543,367,38,279,136,72,"PASS",0,"PASS",0,"NOT_REVEALING"
1,"Compress",22,20260918,60,5,4.14,3.98,4.3,781,30,30,20,274,10,"PASS",0,"PASS",0,"NOT_REVEALING"
1,"Compress",23,20260918,60,14,79.1,78.57,79.63,152,119,26,77,34,23,"FAIL",1,"FAIL",1,"INCONCLUSIVE"
1,"Compress",24,20260918,60,30,79.86,83.52,78.57,302,241,23,147,118,93,"PASS",0,"PASS",0,"NOT_REVEALING"
1,"Compress",25,20260918,60,12,15.33,17.63,13.03,658,103,40,70,252,29,"PASS",0,"PASS",0,"NOT_REVEALING"
1,"Compress",26,20260918,60,11,97.22,94.44,100,57,54,8,34,18,18,"PASS",0,"PASS",0,"NOT_REVEALING"
1,"Compress",27,20260918,60,26,79.69,81.61,76.61,298,231,23,142,116,89,"PASS",0,"PASS",0,"NOT_REVEALING"
1,"Compress",28,20260918,60,19,40.85,46.48,35.21,355,148,31,99,126,35,"PASS",0,"PASS",0,"NOT_REVEALING"
1,"Compress",29,20260918,60,149,50.08,51.8,48.25,2592,1159,171,751,924,361,"FAIL",5,"FAIL",5,"INCONCLUSIVE"
1,"Compress",3,20260918,60,10,76.39,72.22,80.56,126,94,13,65,28,21,"PASS",0,"PASS",0,"NOT_REVEALING"
1,"Compress",30,20260918,60,5,4.09,3.88,4.3,769,29,30,19,274,10,"PASS",0,"PASS",0,"NOT_REVEALING"
1,"Compress",31,20260918,60,30,75.42,77.33,72.58,296,216,23,133,116,84,"PASS",0,"FAIL",1,"INCONCLUSIVE"
1,"Compress",32,20260918,60,21,39.39,44.09,34.69,367,147,33,97,130,35,"PASS",0,"PASS",0,"NOT_REVEALING"
1,"Compress",33,20260918,60,32,82.56,83.3,78.58,169,135,14,82,64,49,"FAIL",2,"FAIL",2,"INCONCLUSIVE"
1,"Compress",34,20260918,60,14,100,100,100,98,98,18,68,14,14,"PASS",0,"FAIL",1,"INCONCLUSIVE"
1,"Compress",35,20260918,60,29,78.5,79.41,75.83,290,219,23,135,112,85,"PASS",0,"FAIL",3,"INCONCLUSIVE"
1,"Compress",36,20260918,60,3,3.18,3.95,2.41,864,28,29,21,326,7,"FAIL",1,"FAIL",1,"INCONCLUSIVE"
1,"Compress",37,20260918,60,21,38.28,43.04,34.09,413,160,35,102,158,44,"PASS",0,"PASS",0,"NOT_REVEALING"
1,"Compress",38,20260918,60,66,59.31,61.02,58.88,510,301,75,181,152,71,"PASS",0,"PASS",0,"NOT_REVEALING"
1,"Compress",39,20260918,60,17,90.82,83.87,97.78,107,92,14,52,36,35,"PASS",0,"PASS",0,"NOT_REVEALING"
1,"Compress",4,20260918,60,72,78.56,81.72,75.69,938,754,63,506,284,204,"FAIL",38,"FAIL",41,"INCONCLUSIVE"
1,"Compress",40,20260918,60,7,100,100,100,44,44,4,29,12,12,"PASS",0,"PASS",0,"NOT_REVEALING"
1,"Compress",41,20260918,60,13,15.27,17.89,12.64,677,106,41,73,260,29,"PASS",0,"PASS",0,"NOT_REVEALING"
1,"Compress",42,20260918,60,55,48.42,98.6,97.87,415,398,58,235,132,125,"PASS",0,"FAIL",2,"INCONCLUSIVE"
1,"Compress",43,20260918,60,45,53.19,61.69,48.12,876,493,66,305,300,135,"FAIL",43,"FAIL",43,"INCONCLUSIVE"
1,"Compress",44,20260918,60,5,100,100,100,26,26,6,17,6,6,"PASS",0,"FAIL",2,"INCONCLUSIVE"
1,"Compress",45,20260918,60,28,81.83,82.63,80.17,283,227,23,138,108,87,"PASS",0,"FAIL",1,"INCONCLUSIVE"
1,"Compress",46,20260918,60,37,99.57,100,99.13,233,232,33,118,96,95,"PASS",0,"FAIL",3,"INCONCLUSIVE"
1,"Compress",47,20260918,60,11,14.63,17.41,11.85,712,107,41,74,278,29,"PASS",0,"PASS",0,"NOT_REVEALING"
1,"Compress",5,20260918,60,10,32.03,34.16,29.9,258,83,12,55,94,26,"PASS",0,"PASS",0,"NOT_REVEALING"
1,"Compress",6,20260918,60,35,100,98.59,100,220,215,35,134,60,60,"PASS",0,"FAIL",1,"INCONCLUSIVE"
1,"Compress",7,20260918,60,15,98.41,96.83,100,104,102,9,61,38,38,"PASS",0,"PASS",0,"NOT_REVEALING"
1,"Compress",8,20260918,60,15,98.57,91.43,95.24,112,103,10,64,38,36,"PASS",0,"FAIL",4,"INCONCLUSIVE"
1,"Compress",9,20260918,60,17,89.28,82.73,95.83,158,135,13,91,42,40,"PASS",0,"FAIL",1,"INCONCLUSIVE"
1,"Csv",1,20260918,60,8,77.29,89.19,65.38,63,50,7,33,22,13,"PASS",0,"PASS",0,"NOT_REVEALING"
1,"Csv",10,20260918,60,18,83.79,88.68,78.91,287,242,15,141,126,99,"PASS",0,"PASS",0,"NOT_REVEALING"
1,"Csv",11,20260918,60,12,68.75,75,62.5,184,126,19,78,68,39,"PASS",0,"FAIL",1,"INCONCLUSIVE"
1,"Csv",12,20260918,60,46,"","","",0,0,0,0,0,0,"PASS",0,"FAIL",6,"INCONCLUSIVE"
1,"Csv",13,20260918,60,75,83.56,89.02,78.1,301,253,15,146,136,106,"PASS",0,"FAIL",11,"INCONCLUSIVE"
1,"Csv",14,20260918,60,70,"","","",0,0,0,0,0,0,"PASS",0,"PASS",0,"NOT_REVEALING"
1,"Csv",15,20260918,60,67,"","","",0,0,0,0,0,0,"PASS",0,"PASS",0,"NOT_REVEALING"
1,"Csv",16,20260918,60,15,76.13,80.99,72.34,215,165,23,98,78,53,"PASS",0,"PASS",0,"NOT_REVEALING"
1,"Csv",2,20260918,60,17,100,100,100,45,45,12,20,18,18,"PASS",0,"FAIL",1,"INCONCLUSIVE"
1,"Csv",3,20260918,60,19,97.58,100,95.16,100,97,13,38,60,57,"PASS",0,"FAIL",2,"INCONCLUSIVE"
1,"Csv",4,20260918,60,17,87.73,92.86,82.61,167,148,18,91,58,47,"PASS",0,"FAIL",1,"INCONCLUSIVE"
1,"Csv",5,20260918,60,18,79.61,85.99,73.23,284,228,15,135,124,90,"PASS",0,"PASS",0,"NOT_REVEALING"
1,"Csv",6,20260918,60,18,96.86,97.06,96.67,64,62,16,33,20,20,"PASS",0,"PASS",0,"NOT_REVEALING"
1,"Csv",7,20260918,60,15,83.14,84.85,81.43,169,139,19,84,58,46,"PASS",0,"PASS",0,"NOT_REVEALING"
1,"Csv",8,20260918,60,43,"","","",0,0,0,0,0,0,"PASS",0,"FAIL",2,"INCONCLUSIVE"
1,"Csv",9,20260918,60,19,97.1,97.14,97.06,69,67,16,34,24,24,"PASS",0,"PASS",0,"NOT_REVEALING"
1,"Gson",1,20260918,60,2,7.29,6.25,8.33,72,4,6,3,22,0,"PASS",0,"PASS",0,"NOT_REVEALING"
1,"Gson",10,20260918,60,5,20.74,25.86,15.62,180,37,14,30,58,7,"PASS",0,"PASS",0,"NOT_REVEALING"
1,"Gson",11,20260918,60,18,24.07,22.7,25.44,675,156,80,89,218,53,"PASS",0,"PASS",0,"NOT_REVEALING"
1,"Gson",12,20260918,60,27,84.44,86.06,82.83,264,222,26,142,86,72,"PASS",0,"FAIL",1,"INCONCLUSIVE"
1,"Gson",13,20260918,60,34,39.52,40.71,38.34,1351,520,39,276,666,252,"PASS",0,"PASS",0,"NOT_REVEALING"
1,"Gson",14,20260918,60,1,65.42,68.6,62.25,446,292,39,166,190,116,"PASS",0,"PASS",0,"NOT_REVEALING"
1,"Gson",15,20260918,60,35,92.3,95.03,89.57,296,275,33,172,102,90,"PASS",0,"PASS",0,"NOT_REVEALING"
1,"Gson",16,20260918,60,1,63.43,65.99,60.87,454,288,40,163,194,116,"PASS",0,"PASS",0,"NOT_REVEALING"
1,"Gson",17,20260918,60,9,68.68,83.33,52.17,77,55,10,45,16,5,"PASS",0,"FAIL",1,"INCONCLUSIVE"
1,"Gson",18,20260918,60,1,61.35,64.4,58.29,461,284,40,161,198,113,"PASS",0,"PASS",0,"NOT_REVEALING"
1,"Gson",2,20260918,60,18,22.85,23.18,22.52,620,137,70,83,210,43,"PASS",0,"PASS",0,"NOT_REVEALING"
1,"Gson",3,20260918,60,1,0,0,0,131,0,18,0,32,0,"PASS",0,"PASS",0,"NOT_REVEALING"
1,"Gson",4,20260918,60,69,66.3,67.98,66.05,1638,806,72,443,756,355,"PASS",0,"FAIL",4,"INCONCLUSIVE"
1,"Gson",5,20260918,60,15,80.8,87.92,73.68,244,176,9,131,92,67,"PASS",0,"PASS",0,"NOT_REVEALING"
1,"Gson",6,20260918,60,3,63.21,55,71.43,27,14,3,11,6,4,"PASS",0,"PASS",0,"NOT_REVEALING"
1,"Gson",7,20260918,60,45,42.94,44.85,40.88,1338,566,40,305,650,262,"PASS",0,"FAIL",1,"INCONCLUSIVE"
1,"Gson",9,20260918,60,74,69.52,70.78,68.27,1116,562,132,330,378,197,"PASS",0,"PASS",0,"NOT_REVEALING"
1,"JacksonCore",1,20260918,60,44,88.55,91.97,85.12,258,228,14,126,116,98,"PASS",0,"FAIL",2,"INCONCLUSIVE"
1,"JacksonCore",10,20260918,60,34,52.81,64.95,40.68,760,422,48,302,280,105,"PASS",0,"PASS",0,"NOT_REVEALING"
1,"JacksonCore",11,20260918,60,32,57.81,72.86,42.76,765,466,48,341,282,112,"PASS",0,"FAIL",1,"INCONCLUSIVE"
1,"JacksonCore",12,20260918,60,120,22.74,25.41,20.35,5861,1272,172,781,2652,511,"FAIL",1,"FAIL",1,"INCONCLUSIVE"
1,"JacksonCore",13,20260918,60,11,95.39,96.67,94.12,47,45,10,29,12,11,"PASS",0,"PASS",0,"NOT_REVEALING"
1,"JacksonCore",14,20260918,60,28,100,100,100,107,107,26,68,22,22,"PASS",0,"PASS",0,"NOT_REVEALING"
1,"JacksonCore",15,20260918,60,55,35.92,35.39,36.45,683,245,53,132,272,75,"PASS",0,"PASS",0,"NOT_REVEALING"
1,"JacksonCore",16,20260918,60,7,100,100,100,57,57,7,33,22,22,"PASS",0,"FAIL",4,"INCONCLUSIVE"
1,"JacksonCore",17,20260918,60,69,44.12,47.82,41,1526,684,74,472,534,216,"PASS",0,"FAIL",1,"INCONCLUSIVE"
1,"JacksonCore",18,20260918,60,157,56.79,59.61,54.34,3240,1561,171,1076,1106,485,"PASS",0,"PASS",0,"NOT_REVEALING"
1,"JacksonCore",19,20260918,60,138,24.15,26.62,22.07,5865,1380,172,840,2648,565,"PASS",0,"PASS",0,"NOT_REVEALING"
1,"JacksonCore",2,20260918,60,104,25.36,26.96,23.4,4485,1059,132,634,2012,437,"PASS",0,"FAIL",1,"INCONCLUSIVE"
1,"JacksonCore",20,20260918,60,49,43.9,44.35,43.45,416,176,65,110,116,32,"PASS",0,"PASS",0,"NOT_REVEALING"
1,"JacksonCore",21,20260918,60,67,36.31,35.84,36.78,714,255,55,138,290,82,"PASS",0,"PASS",0,"NOT_REVEALING"
1,"JacksonCore",22,20260918,60,70,42.64,42.78,42.51,708,299,55,163,288,100,"PASS",0,"PASS",0,"NOT_REVEALING"
1,"JacksonCore",23,20260918,60,32,100,99.05,100,163,162,32,101,40,40,"PASS",0,"PASS",0,"NOT_REVEALING"
1,"JacksonCore",24,20260918,60,56,27.33,30.83,23.84,1094,277,113,173,452,97,"PASS",0,"PASS",0,"NOT_REVEALING"
1,"JacksonCore",25,20260918,60,74,26.09,26.81,26.14,2840,734,80,385,1394,358,"PASS",0,"PASS",0,"NOT_REVEALING"
1,"JacksonCore",3,20260918,60,57,20.52,22.02,19.03,2791,558,82,338,1244,229,"FAIL",3,"FAIL",3,"INCONCLUSIVE"
1,"JacksonCore",5,20260918,60,25,94.02,95.18,92.86,153,144,19,79,62,57,"PASS",0,"PASS",0,"NOT_REVEALING"
1,"JacksonCore",6,20260918,60,27,94.02,95.18,92.86,153,144,19,79,62,57,"PASS",0,"PASS",0,"NOT_REVEALING"
1,"JacksonCore",7,20260918,60,19,100,100,100,111,111,17,69,32,32,"PASS",0,"FAIL",1,"INCONCLUSIVE"
1,"JacksonCore",8,20260918,60,51,97.88,98.52,97.24,415,406,33,266,138,134,"PASS",0,"PASS",0,"NOT_REVEALING"
1,"JacksonCore",9,20260918,60,160,26.79,30.78,23.48,5740,1447,200,868,2590,596,"PASS",0,"PASS",0,"NOT_REVEALING"
1,"JacksonDatabind",1,20260918,60,34,50.21,58.76,41.67,314,164,38,114,104,34,"PASS",0,"PASS",0,"NOT_REVEALING"
1,"JacksonDatabind",10,20260918,60,20,21.92,28.21,15.64,447,92,24,66,166,22,"PASS",0,"PASS",0,"NOT_REVEALING"
1,"JacksonDatabind",100,20260918,60,44,89.01,90.98,87.04,230,204,34,111,88,74,"PASS",0,"FAIL",1,"INCONCLUSIVE"
1,"JacksonDatabind",101,20260918,60,9,2.98,2.17,3.79,751,14,33,10,274,2,"PASS",0,"PASS",0,"NOT_REVEALING"
1,"JacksonDatabind",102,20260918,60,10,50.61,54.93,46.3,125,63,8,39,52,24,"PASS",0,"FAIL",1,"INCONCLUSIVE"
1,"JacksonDatabind",103,20260918,60,572,53.22,55.83,50.65,7196,3446,694,2175,2668,1072,"PASS",0,"PASS",0,"NOT_REVEALING"
1,"JacksonDatabind",104,20260918,60,33,80.85,81.71,80.14,403,323,40,208,128,97,"PASS",0,"FAIL",1,"INCONCLUSIVE"
1,"JacksonDatabind",105,20260918,60,4,70.33,71.43,69.23,27,19,2,10,12,8,"PASS",0,"PASS",0,"NOT_REVEALING"
1,"JacksonDatabind",106,20260918,60,50,90.9,93.33,88.46,224,203,34,112,84,72,"PASS",0,"PASS",0,"NOT_REVEALING"
1,"JacksonDatabind",107,20260918,60,13,65.58,74.03,57.14,119,78,14,57,32,14,"PASS",0,"PASS",0,"NOT_REVEALING"
1,"JacksonDatabind",108,20260918,60,91,72.78,77.49,68.06,694,511,126,334,182,98,"PASS",0,"PASS",0,"NOT_REVEALING"
1,"JacksonDatabind",109,20260918,60,23,85.68,76.41,80.27,147,104,25,62,44,33,"PASS",0,"PASS",0,"NOT_REVEALING"
1,"JacksonDatabind",11,20260918,60,57,75.85,78.1,73.68,543,413,56,245,198,138,"PASS",0,"PASS",0,"NOT_REVEALING"
1,"JacksonDatabind",110,20260918,60,2,18.99,19.57,18.42,84,12,9,9,34,7,"PASS",0,"PASS",0,"NOT_REVEALING"
1,"JacksonDatabind",111,20260918,60,46,47.08,46.15,48.02,515,169,102,118,94,17,"PASS",0,"FAIL",1,"INCONCLUSIVE"
1,"JacksonDatabind",112,20260918,60,14,53.07,50.57,55.56,150,77,12,43,58,30,"PASS",0,"PASS",0,"NOT_REVEALING"
1,"JacksonDatabind",12,20260918,60,24,40.12,41.38,38.85,418,168,28,108,144,52,"PASS",0,"FAIL",5,"INCONCLUSIVE"
1,"JacksonDatabind",13,20260918,60,22,75.84,76.66,73.41,221,141,29,91,68,33,"PASS",0,"PASS",0,"NOT_REVEALING"
1,"JacksonDatabind",14,20260918,60,77,72.06,75.79,68.33,601,436,109,288,150,82,"PASS",0,"PASS",0,"NOT_REVEALING"
1,"JacksonDatabind",15,20260918,60,71,68.48,73.59,63.36,1286,725,103,468,476,218,"PASS",0,"FAIL",1,"INCONCLUSIVE"
1,"JacksonDatabind",16,20260918,60,7,72.44,68.57,76.32,73,50,10,24,36,27,"PASS",0,"PASS",0,"NOT_REVEALING"
1,"JacksonDatabind",17,20260918,60,156,70.7,74.24,67.2,996,705,213,460,206,106,"PASS",0,"PASS",0,"NOT_REVEALING"
1,"JacksonDatabind",18,20260918,60,18,88.11,89.55,86.67,112,96,17,60,34,28,"PASS",0,"PASS",0,"NOT_REVEALING"
1,"JacksonDatabind",19,20260918,60,46,75.8,78.95,72.03,603,458,57,269,230,155,"PASS",0,"PASS",0,"NOT_REVEALING"
1,"JacksonDatabind",2,20260918,60,117,69.2,72.97,65.48,1026,705,131,439,346,202,"PASS",0,"FAIL",3,"INCONCLUSIVE"
1,"JacksonDatabind",20,20260918,60,68,99.04,100,100,304,304,61,185,84,84,"PASS",0,"PASS",0,"NOT_REVEALING"
1,"JacksonDatabind",21,20260918,60,24,46.23,55.42,37.04,602,278,77,184,256,86,"PASS",0,"PASS",0,"NOT_REVEALING"
1,"JacksonDatabind",22,20260918,60,44,31.14,35.52,26.95,1040,338,58,219,418,103,"PASS",0,"NOT_RUN","","NOT_AVAILABLE"
1,"JacksonDatabind",23,20260918,60,14,79.45,59.02,74.36,100,58,20,36,22,13,"PASS",0,"PASS",0,"NOT_REVEALING"
1,"JacksonDatabind",24,20260918,60,1,0,0,0,108,0,26,0,26,0,"PASS",0,"PASS",0,"NOT_REVEALING"
1,"JacksonDatabind",25,20260918,60,72,55.57,59.92,51.36,1834,504,90,328,776,159,"PASS",0,"PASS",0,"NOT_REVEALING"
1,"JacksonDatabind",26,20260918,60,53,60.33,68.3,52.35,435,269,51,181,148,67,"PASS",0,"PASS",0,"NOT_REVEALING"
1,"JacksonDatabind",27,20260918,60,6,1.48,0.51,2.45,635,3,25,2,234,0,"PASS",0,"PASS",0,"NOT_REVEALING"
1,"JacksonDatabind",28,20260918,60,8,66.61,68,65.22,48,32,11,17,16,8,"PASS",0,"PASS",0,"NOT_REVEALING"
1,"JacksonDatabind",29,20260918,60,11,37.14,41.84,32.43,215,76,18,59,62,14,"PASS",0,"PASS",0,"NOT_REVEALING"
1,"JacksonDatabind",3,20260918,60,4,33.65,41.67,25.64,99,35,7,25,36,7,"PASS",0,"PASS",0,"NOT_REVEALING"
1,"JacksonDatabind",30,20260918,60,318,72.35,75.73,69,2167,1568,369,991,598,353,"PASS",0,"PASS",0,"NOT_REVEALING"
1,"JacksonDatabind",31,20260918,60,100,60.74,65.9,55.63,1110,666,133,426,390,186,"PASS",0,"PASS",0,"NOT_REVEALING"
1,"JacksonDatabind",32,20260918,60,12,34.19,31.66,35.02,476,153,20,82,210,69,"PASS",0,"PASS",0,"NOT_REVEALING"
1,"JacksonDatabind",33,20260918,60,68,43.4,53.13,33.66,670,289,78,195,290,89,"PASS",0,"PASS",0,"NOT_REVEALING"
1,"JacksonDatabind",34,20260918,60,11,90.05,92.59,83.33,51,45,4,25,24,20,"PASS",0,"PASS",0,"NOT_REVEALING"
1,"JacksonDatabind",35,20260918,60,7,44.5,41.18,47.83,57,25,9,14,16,4,"PASS",0,"PASS",0,"NOT_REVEALING"
1,"JacksonDatabind",36,20260918,60,43,94.93,94.44,94.77,333,315,24,169,142,131,"PASS",0,"PASS",0,"NOT_REVEALING"
1,"JacksonDatabind",37,20260918,60,24,98.13,98.48,97.78,111,109,21,65,32,31,"PASS",0,"PASS",0,"NOT_REVEALING"
1,"JacksonDatabind",38,20260918,60,41,98.14,98.51,97.78,112,110,21,66,32,31,"PASS",0,"PASS",0,"NOT_REVEALING"
1,"JacksonDatabind",39,20260918,60,3,70.24,83.33,57.14,20,13,3,5,12,6,"PASS",0,"PASS",0,"NOT_REVEALING"
1,"JacksonDatabind",4,20260918,60,4,33.65,41.67,25.64,99,35,7,25,36,7,"PASS",0,"FAIL",1,"INCONCLUSIVE"
1,"JacksonDatabind",40,20260918,60,31,41.57,41.85,41.29,385,160,33,77,178,61,"PASS",0,"PASS",0,"NOT_REVEALING"
1,"JacksonDatabind",41,20260918,60,52,84.45,87.54,80.69,580,490,65,279,220,169,"PASS",0,"FAIL",1,"INCONCLUSIVE"
1,"JacksonDatabind",42,20260918,60,22,61.9,60.91,62.89,207,127,9,67,92,56,"PASS",0,"PASS",0,"NOT_REVEALING"
1,"JacksonDatabind",43,20260918,60,7,88.49,90.32,86.67,46,40,11,28,6,4,"PASS",0,"FAIL",2,"INCONCLUSIVE"
1,"JacksonDatabind",44,20260918,60,21,98.3,98.65,97.96,123,121,22,73,36,35,"PASS",0,"PASS",0,"NOT_REVEALING"
1,"JacksonDatabind",45,20260918,60,12,51.69,47.5,55.88,74,37,8,19,32,17,"PASS",0,"PASS",0,"NOT_REVEALING"
1,"JacksonDatabind",46,20260918,60,25,100,100,100,84,84,19,51,22,22,"PASS",0,"FAIL",1,"INCONCLUSIVE"
1,"JacksonDatabind",47,20260918,60,62,68.99,61.36,76.61,300,203,86,108,44,18,"PASS",0,"PASS",0,"NOT_REVEALING"
1,"JacksonDatabind",48,20260918,60,156,"","","",0,0,0,0,0,0,"PASS",0,"PASS",0,"NOT_REVEALING"
1,"JacksonDatabind",49,20260918,60,6,85.71,85.71,85.71,35,30,4,18,12,10,"PASS",0,"PASS",0,"NOT_REVEALING"
1,"JacksonDatabind",5,20260918,60,33,"","","",0,0,0,0,0,0,"PASS",0,"PASS",0,"NOT_REVEALING"
1,"JacksonDatabind",50,20260918,60,8,4.76,1.71,7.81,678,22,29,7,256,14,"PASS",0,"PASS",0,"NOT_REVEALING"
1,"JacksonDatabind",51,20260918,60,12,65.24,72.97,57.5,114,74,12,54,34,17,"PASS",0,"PASS",0,"NOT_REVEALING"
1,"JacksonDatabind",52,20260918,60,3,3.85,5.19,2.5,1214,21,76,18,448,0,"PASS",0,"PASS",0,"NOT_REVEALING"
1,"JacksonDatabind",53,20260918,60,85,81.47,84.62,77.7,607,495,65,284,232,170,"PASS",0,"PASS",0,"NOT_REVEALING"
1,"JacksonDatabind",54,20260918,60,6,59.08,64.21,53.95,171,101,8,61,74,39,"PASS",0,"PASS",0,"NOT_REVEALING"
1,"JacksonDatabind",55,20260918,60,10,78.68,81.36,76,109,83,12,48,44,32,"PASS",0,"PASS",0,"NOT_REVEALING"
1,"JacksonDatabind",56,20260918,60,21,63.57,62.5,64.65,211,131,9,70,94,59,"PASS",0,"PASS",0,"NOT_REVEALING"
1,"JacksonDatabind",57,20260918,60,93,73.66,77.83,69.49,642,477,120,316,156,84,"PASS",0,"FAIL",1,"INCONCLUSIVE"
1,"JacksonDatabind",58,20260918,60,11,45.99,49.69,42.29,519,240,20,158,198,82,"PASS",0,"PASS",0,"NOT_REVEALING"
1,"JacksonDatabind",59,20260918,60,133,94.59,96.26,92.77,965,847,154,492,320,254,"PASS",0,"PASS",0,"NOT_REVEALING"
1,"JacksonDatabind",6,20260918,60,29,94.94,95.59,93.33,241,228,23,129,94,86,"PASS",0,"PASS",0,"NOT_REVEALING"
1,"JacksonDatabind",60,20260918,60,2,1.3,0,2.6,187,0,12,0,74,0,"PASS",0,"PASS",0,"NOT_REVEALING"
1,"JacksonDatabind",61,20260918,60,209,82.23,83.49,80.98,1186,871,255,543,266,170,"PASS",0,"PASS",0,"NOT_REVEALING"
1,"JacksonDatabind",62,20260918,60,20,51.46,52.31,50.6,213,108,19,68,72,32,"PASS",0,"PASS",0,"NOT_REVEALING"
1,"JacksonDatabind",63,20260918,60,32,94.98,97.62,92.41,205,196,44,120,44,38,"PASS",0,"PASS",0,"NOT_REVEALING"
1,"JacksonDatabind",64,20260918,60,1,3.33,6.67,0,184,7,8,7,78,0,"PASS",0,"PASS",0,"NOT_REVEALING"
1,"JacksonDatabind",66,20260918,60,24,57.43,54.55,60.32,280,156,22,84,112,64,"PASS",0,"FAIL",2,"INCONCLUSIVE"
1,"JacksonDatabind",67,20260918,60,28,28.69,35.23,22.15,1395,405,58,272,614,130,"PASS",0,"PASS",0,"NOT_REVEALING"
1,"JacksonDatabind",68,20260918,60,1,0.25,0.51,0,990,3,56,3,382,0,"PASS",0,"PASS",0,"NOT_REVEALING"
1,"JacksonDatabind",69,20260918,60,21,62.3,69.05,55.56,225,142,29,87,82,40,"PASS",0,"PASS",0,"NOT_REVEALING"
1,"JacksonDatabind",7,20260918,60,89,58.66,64.02,53.36,1048,621,131,394,356,157,"PASS",0,"PASS",0,"NOT_REVEALING"
1,"JacksonDatabind",70,20260918,60,27,57.82,61.95,53.69,375,219,27,140,142,73,"PASS",0,"PASS",0,"NOT_REVEALING"
1,"JacksonDatabind",71,20260918,60,34,67.23,64.63,69.84,273,169,22,95,112,76,"PASS",0,"PASS",0,"NOT_REVEALING"
1,"JacksonDatabind",72,20260918,60,2,18.48,19.57,17.39,69,12,16,9,10,0,"PASS",0,"PASS",0,"NOT_REVEALING"
1,"JacksonDatabind",73,20260918,60,18,5.44,5.73,5.15,1697,96,131,54,726,40,"PASS",0,"PASS",0,"NOT_REVEALING"
1,"JacksonDatabind",74,20260918,60,6,39.72,43.33,36.11,96,38,9,26,32,9,"PASS",0,"PASS",0,"NOT_REVEALING"
1,"JacksonDatabind",75,20260918,60,12,28.27,17.65,38.89,122,30,10,12,50,18,"PASS",0,"NOT_RUN","","NOT_AVAILABLE"
1,"JacksonDatabind",76,20260918,60,6,1.48,0,2.96,522,0,26,0,190,0,"PASS",0,"PASS",0,"NOT_REVEALING"
1,"JacksonDatabind",77,20260918,60,16,13.73,16.82,10.14,528,74,20,51,204,17,"PASS",0,"PASS",0,"NOT_REVEALING"
1,"JacksonDatabind",78,20260918,60,19,18.6,19.4,17.21,550,100,20,65,212,34,"PASS",0,"PASS",0,"NOT_REVEALING"
1,"JacksonDatabind",79,20260918,60,100,56.71,60.05,52.17,1419,536,120,360,578,161,"PASS",0,"PASS",0,"NOT_REVEALING"
1,"JacksonDatabind",8,20260918,60,27,80.96,86.09,75.82,206,168,27,99,72,50,"PASS",0,"PASS",0,"NOT_REVEALING"
1,"JacksonDatabind",80,20260918,60,2,8.65,8.87,8.43,207,18,10,11,82,6,"PASS",0,"PASS",0,"NOT_REVEALING"
1,"JacksonDatabind",81,20260918,60,51,36.27,42.75,28.9,915,335,90,224,372,96,"PASS",0,"PASS",0,"NOT_REVEALING"
1,"JacksonDatabind",82,20260918,60,18,21.78,23.46,19.63,560,120,21,80,216,40,"PASS",0,"PASS",0,"NOT_REVEALING"
1,"JacksonDatabind",83,20260918,60,22,57.83,54.92,60.75,229,130,10,67,102,60,"PASS",0,"PASS",0,"NOT_REVEALING"
1,"JacksonDatabind",84,20260918,60,18,100,100,100,57,57,16,30,14,14,"PASS",0,"PASS",0,"NOT_REVEALING"
1,"JacksonDatabind",85,20260918,60,13,49.42,48.84,50,83,40,8,21,38,18,"PASS",0,"PASS",0,"NOT_REVEALING"
1,"JacksonDatabind",86,20260918,60,17,100,100,100,57,57,16,30,14,14,"PASS",0,"PASS",0,"NOT_REVEALING"
1,"JacksonDatabind",87,20260918,60,45,95.07,95.77,94.38,349,332,27,179,148,136,"PASS",0,"PASS",0,"NOT_REVEALING"
1,"JacksonDatabind",88,20260918,60,12,72.35,75,69.7,81,58,9,36,26,16,"PASS",0,"FAIL",1,"INCONCLUSIVE"
1,"JacksonDatabind",9,20260918,60,4,95,90,100,15,13,4,9,2,2,"PASS",0,"PASS",0,"NOT_REVEALING"
1,"JacksonDatabind",90,20260918,60,48,72.46,74.49,70.43,374,265,80,156,104,59,"PASS",0,"PASS",0,"NOT_REVEALING"
1,"JacksonDatabind",91,20260918,60,18,63.38,67.07,61.83,295,190,20,110,126,76,"PASS",0,"PASS",0,"NOT_REVEALING"
1,"JacksonDatabind",92,20260918,60,11,37.64,41.16,33.65,539,203,21,134,208,68,"PASS",0,"PASS",0,"NOT_REVEALING"
1,"JacksonDatabind",93,20260918,60,2,42.86,50,35.71,30,12,3,8,12,3,"PASS",0,"PASS",0,"NOT_REVEALING"
1,"JacksonDatabind",94,20260918,60,2,60.29,52.94,22.22,35,13,3,9,16,2,"PASS",0,"PASS",0,"NOT_REVEALING"
1,"JacksonDatabind",95,20260918,60,54,83.68,85.46,81.6,760,591,82,353,278,196,"PASS",0,"PASS",0,"NOT_REVEALING"
1,"JacksonDatabind",96,20260918,60,41,12.41,16.15,8.68,1501,191,60,139,624,44,"PASS",0,"PASS",0,"NOT_REVEALING"
1,"JacksonDatabind",97,20260918,60,25,87.49,87.8,87.18,80,70,16,36,34,29,"PASS",0,"FAIL",1,"INCONCLUSIVE"
1,"JacksonDatabind",98,20260918,60,10,35.2,41.55,28.85,311,113,23,86,92,20,"PASS",0,"PASS",0,"NOT_REVEALING"
1,"JacksonDatabind",99,20260918,60,29,100,100,100,111,111,24,69,28,28,"PASS",0,"FAIL",1,"INCONCLUSIVE"
1,"JacksonXml",1,20260918,60,2,2.52,4.12,0.92,508,13,52,12,186,1,"PASS",0,"PASS",0,"NOT_REVEALING"
1,"JacksonXml",2,20260918,60,25,62.33,61.76,62.9,294,179,24,105,114,68,"PASS",0,"PASS",0,"NOT_REVEALING"
1,"JacksonXml",3,20260918,60,2,2.51,4.11,0.9,513,13,52,12,190,1,"PASS",0,"PASS",0,"NOT_REVEALING"
1,"JacksonXml",4,20260918,60,15,51.27,52.54,50,180,87,11,62,58,27,"PASS",0,"FAIL",4,"INCONCLUSIVE"
1,"JacksonXml",5,20260918,60,14,64.77,68.42,61.11,149,91,13,65,48,27,"PASS",0,"PASS",0,"NOT_REVEALING"
1,"JacksonXml",6,20260918,60,64,39.37,39.63,39.11,730,262,68,191,222,71,"PASS",0,"PASS",0,"NOT_REVEALING"
1,"Jsoup",1,20260918,60,9,100,100,100,72,72,12,46,18,18,"PASS",0,"PASS",0,"NOT_REVEALING"
1,"Jsoup",10,20260918,60,22,97.03,94.77,98.63,226,215,42,145,48,48,"PASS",0,"PASS",0,"NOT_REVEALING"
1,"Jsoup",11,20260918,60,13,58.57,65.99,51.15,328,195,27,130,120,58,"PASS",0,"PASS",0,"NOT_REVEALING"
1,"Jsoup",12,20260918,60,12,58.53,64.98,52.08,361,214,29,141,132,65,"PASS",0,"PASS",0,"NOT_REVEALING"
1,"Jsoup",13,20260918,60,27,87.09,85.49,88.17,286,246,49,165,64,53,"PASS",0,"PASS",0,"NOT_REVEALING"
1,"Jsoup",14,20260918,60,35,46.22,48.76,43.68,2110,192,94,118,846,59,"PASS",0,"PASS",0,"NOT_REVEALING"
1,"Jsoup",15,20260918,60,1,0,0,0,1844,0,41,0,780,0,"PASS",0,"PASS",0,"NOT_REVEALING"
1,"Jsoup",16,20260918,60,2,100,100,100,21,21,4,14,4,4,"PASS",0,"FAIL",2,"INCONCLUSIVE"
1,"Jsoup",17,20260918,60,1,0,0,0,1844,0,41,0,780,0,"PASS",0,"PASS",0,"NOT_REVEALING"
1,"Jsoup",18,20260918,60,41,100,100,100,190,190,27,97,82,82,"PASS",0,"FAIL",1,"INCONCLUSIVE"
1,"Jsoup",19,20260918,60,15,95.95,98.64,93.26,236,228,27,145,72,66,"PASS",0,"FAIL",1,"INCONCLUSIVE"
1,"Jsoup",2,20260918,60,12,"","","",0,0,0,0,0,0,"PASS",0,"PASS",0,"NOT_REVEALING"
1,"Jsoup",20,20260918,60,8,69.54,81.4,57.69,69,50,7,35,24,13,"PASS",0,"FAIL",1,"INCONCLUSIVE"
1,"Jsoup",21,20260918,60,26,100,100,100,46,46,10,29,10,10,"PASS",0,"FAIL",1,"INCONCLUSIVE"
1,"Jsoup",22,20260918,60,123,95.16,81.67,76.86,1074,792,205,512,290,190,"PASS",0,"FAIL",2,"INCONCLUSIVE"
1,"Jsoup",23,20260918,60,69,91.75,94.54,88.96,396,364,51,204,152,133,"PASS",0,"PASS",0,"NOT_REVEALING"
1,"Jsoup",24,20260918,60,1,0,0,0,1902,0,72,0,770,0,"PASS",0,"PASS",0,"NOT_REVEALING"
1,"Jsoup",25,20260918,60,31,93.29,91.67,94.92,119,110,18,55,50,48,"PASS",0,"PASS",0,"NOT_REVEALING"
1,"Jsoup",26,20260918,60,2,42.02,42.86,41.18,66,27,6,21,14,5,"PASS",0,"PASS",0,"NOT_REVEALING"
1,"Jsoup",27,20260918,60,8,62.96,72.34,53.57,75,48,7,34,26,13,"PASS",0,"PASS",0,"NOT_REVEALING"
1,"Jsoup",28,20260918,60,40,83.38,82.51,84.27,360,297,48,179,116,91,"PASS",0,"FAIL",2,"INCONCLUSIVE"
1,"Jsoup",29,20260918,60,16,97.84,97.35,98.33,173,168,32,110,36,35,"PASS",0,"PASS",0,"NOT_REVEALING"
1,"Jsoup",3,20260918,60,68,84.62,63.08,65.23,615,373,90,206,218,140,"PASS",0,"FAIL",3,"INCONCLUSIVE"
1,"Jsoup",30,20260918,60,3,44.22,44,44.44,68,29,6,22,16,7,"PASS",0,"PASS",0,"NOT_REVEALING"
1,"Jsoup",31,20260918,60,44,46.84,46.61,47.06,2040,85,81,55,844,26,"PASS",0,"PASS",0,"NOT_REVEALING"
1,"Jsoup",32,20260918,60,40,93.84,66.89,54.11,509,310,90,202,148,70,"PASS",0,"PASS",0,"NOT_REVEALING"
1,"Jsoup",33,20260918,60,67,82.71,86.48,78.95,639,532,75,339,202,150,"PASS",0,"PASS",0,"NOT_REVEALING"
1,"Jsoup",34,20260918,60,52,100,100,100,275,275,30,136,130,130,"PASS",0,"PASS",0,"NOT_REVEALING"
1,"Jsoup",35,20260918,60,1,0,0,0,1845,0,41,0,782,0,"PASS",0,"PASS",0,"NOT_REVEALING"
1,"Jsoup",36,20260918,60,11,69.53,76.27,62.79,102,72,8,45,40,24,"PASS",0,"PASS",0,"NOT_REVEALING"
1,"Jsoup",37,20260918,60,32,94.23,58.36,39.82,526,262,91,178,160,54,"PASS",0,"PASS",0,"NOT_REVEALING"
1,"Jsoup",38,20260918,60,1,0,0,0,1847,0,42,0,782,0,"PASS",0,"PASS",0,"NOT_REVEALING"
1,"Jsoup",39,20260918,60,11,60.86,64.86,56.86,125,77,8,48,48,26,"FAIL",1,"FAIL",1,"INCONCLUSIVE"
1,"Jsoup",4,20260918,60,6,83.93,85.71,82.14,63,53,5,30,26,21,"PASS",0,"PASS",0,"NOT_REVEALING"
1,"Jsoup",40,20260918,60,3,100,100,100,26,26,4,17,6,6,"PASS",0,"PASS",0,"NOT_REVEALING"
1,"Jsoup",41,20260918,60,35,92.08,51.23,37.86,567,255,92,166,182,56,"PASS",0,"PASS",0,"NOT_REVEALING"
1,"Jsoup",42,20260918,60,7,67.86,75,60.71,68,47,6,30,24,13,"PASS",0,"PASS",0,"NOT_REVEALING"
1,"Jsoup",43,20260918,60,38,91.44,53.23,39.75,569,266,92,173,182,64,"PASS",0,"PASS",0,"NOT_REVEALING"
1,"Jsoup",44,20260918,60,3,100,100,100,41,41,9,30,4,4,"PASS",0,"PASS",0,"NOT_REVEALING"
1,"Jsoup",45,20260918,60,63,83.12,85.83,79.6,617,511,77,315,204,153,"PASS",0,"PASS",0,"NOT_REVEALING"
1,"Jsoup",46,20260918,60,17,65.14,60.42,69.86,169,109,15,58,68,46,"PASS",0,"FAIL",1,"INCONCLUSIVE"
1,"Jsoup",47,20260918,60,15,61,56.25,65.75,169,102,15,54,68,43,"PASS",0,"PASS",0,"NOT_REVEALING"
1,"Jsoup",48,20260918,60,45,70.96,76.67,65.35,717,518,106,353,178,100,"PASS",0,"PASS",0,"NOT_REVEALING"
1,"Jsoup",49,20260918,60,31,87.69,92.11,82.84,362,319,57,210,102,79,"PASS",0,"PASS",0,"NOT_REVEALING"
1,"Jsoup",5,20260918,60,11,"","","",0,0,0,0,0,0,"PASS",0,"PASS",0,"NOT_REVEALING"
1,"Jsoup",50,20260918,60,17,65.18,68.97,61.4,144,95,12,60,52,30,"PASS",0,"FAIL",2,"INCONCLUSIVE"
1,"Jsoup",51,20260918,60,62,97.95,98.97,96.92,390,382,36,193,186,180,"PASS",0,"PASS",0,"NOT_REVEALING"
1,"Jsoup",52,20260918,60,27,81.81,88.03,75.59,339,250,31,155,132,79,"PASS",0,"FAIL",4,"INCONCLUSIVE"
1,"Jsoup",53,20260918,60,30,99.2,98.46,97.48,249,244,32,128,108,105,"PASS",0,"PASS",0,"NOT_REVEALING"
1,"Jsoup",54,20260918,60,8,96.48,92.96,100,101,93,9,66,26,26,"PASS",0,"PASS",0,"NOT_REVEALING"
1,"Jsoup",55,20260918,60,1,0,0,0,1830,0,74,0,746,0,"PASS",0,"PASS",0,"NOT_REVEALING"
1,"Jsoup",56,20260918,60,64,48.68,49.63,47.73,3839,142,134,85,1586,46,"PASS",0,"PASS",0,"NOT_REVEALING"
1,"Jsoup",57,20260918,60,38,81.73,78.57,84.88,212,170,32,99,76,68,"PASS",0,"PASS",0,"NOT_REVEALING"
1,"Jsoup",58,20260918,60,26,82.75,82.79,82.72,189,144,42,94,32,19,"PASS",0,"PASS",0,"NOT_REVEALING"
1,"Jsoup",59,20260918,60,52,"","","",0,0,0,0,0,0,"PASS",0,"PASS",0,"NOT_REVEALING"
1,"Jsoup",6,20260918,60,6,83.93,85.71,82.14,63,53,5,30,26,21,"PASS",0,"PASS",0,"NOT_REVEALING"
1,"Jsoup",60,20260918,60,66,99.24,98.53,96.9,265,259,32,134,118,114,"PASS",0,"FAIL",14,"INCONCLUSIVE"
1,"Jsoup",61,20260918,60,37,91.56,46.13,39.15,607,255,95,161,192,57,"PASS",0,"PASS",0,"NOT_REVEALING"
1,"Jsoup",62,20260918,60,1,0,0,0,1861,0,43,0,790,0,"PASS",0,"PASS",0,"NOT_REVEALING"
1,"Jsoup",63,20260918,60,88,73.97,78.93,69.02,892,639,105,403,298,176,"PASS",0,"NOT_RUN","","NOT_AVAILABLE"
1,"Jsoup",64,20260918,60,1,0,0,0,1908,0,43,0,840,0,"PASS",0,"PASS",0,"NOT_REVEALING"
1,"Jsoup",65,20260918,60,64,36.96,38.58,35.34,2530,460,121,287,1042,129,"PASS",0,"PASS",0,"NOT_REVEALING"
1,"Jsoup",66,20260918,60,79,89.4,94.56,83.97,673,602,109,365,212,166,"PASS",0,"PASS",0,"NOT_REVEALING"
1,"Jsoup",67,20260918,60,55,74.28,78.28,70.28,622,464,78,292,202,128,"PASS",0,"PASS",0,"NOT_REVEALING"
1,"Jsoup",68,20260918,60,66,73.35,76.74,69.96,627,462,78,287,206,130,"PASS",0,"PASS",0,"NOT_REVEALING"
1,"Jsoup",69,20260918,60,7,67.49,76.92,58.06,70,48,5,30,28,15,"PASS",0,"PASS",0,"NOT_REVEALING"
1,"Jsoup",7,20260918,60,17,100,100,100,125,125,25,80,26,26,"PASS",0,"PASS",0,"NOT_REVEALING"
1,"Jsoup",70,20260918,60,85,92.45,95.64,89,681,628,110,373,216,183,"PASS",0,"PASS",0,"NOT_REVEALING"
1,"Jsoup",71,20260918,60,126,97.15,98.49,95.81,390,379,104,196,108,101,"PASS",0,"PASS",0,"NOT_REVEALING"
1,"Jsoup",72,20260918,60,59,97.16,98.68,95.19,436,422,39,225,198,188,"PASS",0,"PASS",0,"NOT_REVEALING"
1,"Jsoup",73,20260918,60,9,96.48,92.96,100,103,95,9,66,28,28,"PASS",0,"PASS",0,"NOT_REVEALING"
1,"Jsoup",74,20260918,60,36,95.64,92.5,96.3,161,151,17,74,74,73,"PASS",0,"PASS",0,"NOT_REVEALING"
1,"Jsoup",75,20260918,60,32,83.7,82.93,84.47,267,221,44,136,84,74,"PASS",0,"PASS",0,"NOT_REVEALING"
1,"Jsoup",76,20260918,60,1,0.11,0.1,0.11,1918,2,43,1,844,0,"PASS",0,"PASS",0,"NOT_REVEALING"
1,"Jsoup",77,20260918,60,9,82.9,89.71,76.09,114,96,13,61,38,27,"PASS",0,"PASS",0,"NOT_REVEALING"
1,"Jsoup",78,20260918,60,16,56.25,66.67,45.83,201,114,15,70,90,39,"PASS",0,"PASS",0,"NOT_REVEALING"
1,"Jsoup",79,20260918,60,9,100,100,100,58,58,15,33,14,14,"PASS",0,"FAIL",1,"INCONCLUSIVE"
1,"Jsoup",8,20260918,60,21,97.42,95.68,98.44,203,194,39,133,40,40,"PASS",0,"FAIL",1,"INCONCLUSIVE"
1,"Jsoup",80,20260918,60,10,90.89,92.65,89.13,114,104,13,63,38,33,"PASS",0,"PASS",0,"NOT_REVEALING"
1,"Jsoup",81,20260918,60,19,62.41,69.91,54.9,215,134,15,79,96,51,"PASS",0,"PASS",0,"NOT_REVEALING"
1,"Jsoup",82,20260918,60,13,48.28,55.96,40.59,210,101,13,61,96,37,"PASS",0,"PASS",0,"NOT_REVEALING"
1,"Jsoup",83,20260918,60,63,48.5,49.36,47.43,2297,432,114,231,954,193,"PASS",0,"PASS",0,"NOT_REVEALING"
1,"Jsoup",84,20260918,60,9,97.37,94.74,100,108,102,9,72,28,28,"PASS",0,"FAIL",1,"INCONCLUSIVE"
1,"Jsoup",85,20260918,60,25,92.73,93.65,91.8,124,113,20,59,50,45,"PASS",0,"PASS",0,"NOT_REVEALING"
1,"Jsoup",86,20260918,60,8,100,100,100,42,42,9,26,10,10,"PASS",0,"PASS",0,"NOT_REVEALING"
1,"Jsoup",87,20260918,60,95,66.08,69.08,63.02,3390,1287,255,770,1332,388,"PASS",0,"PASS",0,"NOT_REVEALING"
1,"Jsoup",88,20260918,60,26,92.78,93.75,91.8,125,114,20,60,50,45,"PASS",0,"FAIL",1,"INCONCLUSIVE"
1,"Jsoup",89,20260918,60,24,92.78,93.75,91.8,125,114,20,60,50,45,"PASS",0,"PASS",0,"NOT_REVEALING"
1,"Jsoup",9,20260918,60,6,80.48,79.49,81.48,66,53,6,31,24,19,"PASS",0,"PASS",0,"NOT_REVEALING"
1,"Jsoup",90,20260918,60,59,46.88,58.01,50.62,917,498,125,341,238,80,"PASS",0,"PASS",0,"NOT_REVEALING"
1,"Jsoup",91,20260918,60,66,98.56,99.39,97.07,473,455,42,246,214,201,"PASS",0,"PASS",0,"NOT_REVEALING"
1,"Jsoup",92,20260918,60,159,89.77,89.22,85.64,1023,841,140,521,328,254,"PASS",0,"PASS",0,"NOT_REVEALING"
1,"Jsoup",93,20260918,60,7,38.62,42.86,34.38,74,29,6,18,28,7,"PASS",0,"PASS",0,"NOT_REVEALING"
1,"JxPath",1,20260918,60,77,43.18,46.61,39.74,1387,596,84,358,582,212,"PASS",0,"PASS",0,"NOT_REVEALING"
1,"JxPath",10,20260918,60,7,88.94,90.7,87.18,82,73,8,39,36,31,"PASS",0,"PASS",0,"NOT_REVEALING"
1,"JxPath",11,20260918,60,12,57.71,60.99,54.43,196,131,11,75,84,54,"PASS",0,"PASS",0,"NOT_REVEALING"
1,"JxPath",12,20260918,60,38,56.77,63.71,49.84,666,379,44,230,288,135,"PASS",0,"PASS",0,"NOT_REVEALING"
1,"JxPath",13,20260918,60,57,70.69,72.97,68.42,760,456,54,272,324,167,"PASS",0,"FAIL",1,"INCONCLUSIVE"
1,"JxPath",14,20260918,60,83,59.38,56.78,61.97,709,419,43,201,340,205,"PASS",0,"PASS",0,"NOT_REVEALING"
1,"JxPath",15,20260918,60,4,100,94.44,100,33,31,3,17,14,14,"PASS",0,"PASS",0,"NOT_REVEALING"
1,"JxPath",16,20260918,60,79,46.77,50.58,43.11,1418,661,88,385,618,248,"PASS",0,"FAIL",1,"INCONCLUSIVE"
1,"JxPath",17,20260918,60,15,89.01,92.86,85.16,201,183,11,106,86,75,"PASS",0,"PASS",0,"NOT_REVEALING"
1,"JxPath",18,20260918,60,5,90.67,93.1,88.24,46,42,5,27,14,12,"PASS",0,"FAIL",1,"INCONCLUSIVE"
1,"JxPath",19,20260918,60,75,44.63,48.36,40.9,1347,594,84,348,586,219,"PASS",0,"PASS",0,"NOT_REVEALING"
1,"JxPath",2,20260918,60,10,100,100,100,54,54,12,35,12,12,"PASS",0,"PASS",0,"NOT_REVEALING"
1,"JxPath",20,20260918,60,8,93.83,95.35,92.31,82,77,8,41,36,33,"PASS",0,"FAIL",1,"INCONCLUSIVE"
1,"JxPath",21,20260918,60,19,69.16,73.91,64.41,128,88,18,51,52,31,"PASS",0,"PASS",0,"NOT_REVEALING"
1,"JxPath",22,20260918,60,42,59.17,64.97,53.38,665,393,44,230,294,149,"PASS",0,"FAIL",1,"INCONCLUSIVE"
1,"JxPath",3,20260918,60,25,88.8,84.42,93.18,121,105,24,65,26,23,"PASS",0,"PASS",0,"NOT_REVEALING"
1,"JxPath",4,20260918,60,75,44.57,48.11,41.01,1354,596,84,357,572,215,"PASS",0,"PASS",0,"NOT_REVEALING"
1,"JxPath",5,20260918,60,45,80.32,86.74,74.05,339,272,49,155,130,90,"PASS",0,"FAIL",1,"INCONCLUSIVE"
1,"JxPath",6,20260918,60,12,92.46,93.88,91.04,116,106,5,46,66,60,"PASS",0,"PASS",0,"NOT_REVEALING"
1,"JxPath",7,20260918,60,13,93.34,86.66,100,47,39,15,24,8,8,"PASS",0,"FAIL",1,"INCONCLUSIVE"
1,"JxPath",8,20260918,60,4,47.22,48.72,45.71,74,35,8,19,32,13,"PASS",0,"PASS",0,"NOT_REVEALING"
1,"JxPath",9,20260918,60,23,97.46,96.97,97.95,136,126,13,58,66,62,"PASS",0,"FAIL",2,"INCONCLUSIVE"
1,"Lang",1,20260918,60,106,89.26,94.4,84.12,716,635,48,337,348,291,"PASS",0,"PASS",0,"NOT_REVEALING"
1,"Lang",10,20260918,60,38,78.11,79.6,76.06,605,469,47,199,322,250,"PASS",0,"PASS",0,"NOT_REVEALING"
1,"Lang",11,20260918,60,15,84.44,80,88.89,118,100,12,44,54,47,"PASS",0,"FAIL",1,"INCONCLUSIVE"
1,"Lang",12,20260918,60,17,98.14,98.04,98.25,108,106,12,50,48,47,"PASS",0,"PASS",0,"NOT_REVEALING"
1,"Lang",13,20260918,60,10,76.56,78.12,75,88,61,8,50,20,14,"FAIL",1,"FAIL",1,"INCONCLUSIVE"
1,"Lang",14,20260918,60,424,93.09,93.9,92.12,2443,2270,167,1186,1146,1053,"PASS",0,"PASS",0,"NOT_REVEALING"
1,"Lang",15,20260918,60,21,38.31,40.47,36.15,595,228,28,120,292,103,"PASS",0,"PASS",0,"NOT_REVEALING"
1,"Lang",16,20260918,60,121,88.73,93.56,83.91,736,647,47,334,368,307,"PASS",0,"PASS",0,"NOT_REVEALING"
1,"Lang",17,20260918,60,6,96.97,93.94,100,50,47,5,31,14,14,"PASS",0,"PASS",0,"NOT_REVEALING"
1,"Lang",19,20260918,60,4,74.66,70.37,78.95,46,32,2,19,18,14,"PASS",0,"FAIL",1,"INCONCLUSIVE"
1,"Lang",20,20260918,60,431,92.95,94.07,91.83,2451,2276,165,1189,1154,1057,"PASS",0,"PASS",0,"NOT_REVEALING"
1,"Lang",21,20260918,60,100,95.87,97.78,93.95,630,604,61,309,280,261,"PASS",0,"PASS",0,"NOT_REVEALING"
1,"Lang",22,20260918,60,59,"","","",0,0,0,0,0,0,"PASS",0,"FAIL",2,"INCONCLUSIVE"
1,"Lang",23,20260918,60,7,37.92,42.51,33.33,290,110,19,71,112,31,"PASS",0,"PASS",0,"NOT_REVEALING"
1,"Lang",24,20260918,60,121,88.56,93.58,83.55,735,645,47,335,366,304,"PASS",0,"PASS",0,"NOT_REVEALING"
1,"Lang",26,20260918,60,50,77.51,79.34,75.45,899,693,96,358,380,273,"PASS",0,"PASS",0,"NOT_REVEALING"
1,"Lang",27,20260918,60,117,88.31,92.98,83.65,729,639,47,331,362,301,"PASS",0,"PASS",0,"NOT_REVEALING"
1,"Lang",28,20260918,60,4,63.33,60,66.67,35,21,2,12,14,9,"PASS",0,"PASS",0,"NOT_REVEALING"
1,"Lang",29,20260918,60,25,73.68,73.91,73.44,133,97,24,51,50,39,"PASS",0,"PASS",0,"NOT_REVEALING"
1,"Lang",3,20260918,60,104,88.87,94.08,83.66,710,627,48,334,344,286,"PASS",0,"PASS",0,"NOT_REVEALING"
1,"Lang",30,20260918,60,417,94.79,94.79,94.79,2283,2163,158,1127,1060,1003,"PASS",0,"NOT_RUN","","NOT_AVAILABLE"
1,"Lang",31,20260918,60,412,94.15,94.57,93.82,2262,2131,158,1114,1050,983,"FAIL",1,"FAIL",1,"INCONCLUSIVE"
1,"Lang",32,20260918,60,30,89.18,89.66,84.68,256,223,37,129,88,73,"PASS",0,"FAIL",3,"INCONCLUSIVE"
1,"Lang",33,20260918,60,57,72.34,77.43,67.25,486,352,36,199,220,146,"PASS",0,"PASS",0,"NOT_REVEALING"
1,"Lang",34,20260918,60,108,84.94,86.05,82.03,804,680,122,438,218,172,"PASS",0,"PASS",0,"NOT_REVEALING"
1,"Lang",35,20260918,60,337,96.98,98.52,95.67,1800,1748,175,931,806,769,"PASS",0,"PASS",0,"NOT_REVEALING"
1,"Lang",36,20260918,60,120,90.73,94.6,86.85,717,647,47,333,354,306,"PASS",0,"PASS",0,"NOT_REVEALING"
1,"Lang",37,20260918,60,347,98.23,98.93,97.54,1784,1753,174,922,804,783,"PASS",0,"PASS",0,"NOT_REVEALING"
1,"Lang",38,20260918,60,49,77.81,80.18,75.23,898,695,96,362,380,271,"PASS",0,"PASS",0,"NOT_REVEALING"
1,"Lang",39,20260918,60,396,94.54,94.85,94.23,2166,2047,151,1068,1010,950,"PASS",0,"PASS",0,"NOT_REVEALING"
1,"Lang",4,20260918,60,3,100,100,100,39,39,2,25,14,14,"PASS",0,"PASS",0,"NOT_REVEALING"
1,"Lang",40,20260918,60,381,95.37,96.17,94.57,2128,2030,150,1054,1002,944,"PASS",0,"PASS",0,"NOT_REVEALING"
1,"Lang",41,20260918,60,54,68.81,75.41,62.2,453,313,36,184,200,122,"PASS",0,"FAIL",1,"INCONCLUSIVE"
1,"Lang",42,20260918,60,23,86.72,89.29,84.27,285,248,37,173,68,54,"PASS",0,"PASS",0,"NOT_REVEALING"
1,"Lang",43,20260918,60,9,35.42,41.57,29.27,289,104,19,69,112,26,"PASS",0,"PASS",0,"NOT_REVEALING"
1,"Lang",44,20260918,60,57,79.92,85.79,74.04,425,333,19,163,226,165,"PASS",0,"PASS",0,"NOT_REVEALING"
1,"Lang",45,20260918,60,34,99.17,99.28,99.07,246,244,14,137,102,101,"PASS",0,"PASS",0,"NOT_REVEALING"
1,"Lang",46,20260918,60,48,79.53,70.32,77.54,357,254,25,154,130,100,"PASS",0,"PASS",0,"NOT_REVEALING"
1,"Lang",47,20260918,60,240,99.82,100,99.64,1256,1254,152,696,492,490,"PASS",0,"FAIL",2,"INCONCLUSIVE"
1,"Lang",49,20260918,60,50,"","","",0,0,0,0,0,0,"PASS",0,"PASS",0,"NOT_REVEALING"
1,"Lang",5,20260918,60,22,88.47,63.16,64.62,141,90,10,48,60,37,"PASS",0,"PASS",0,"NOT_REVEALING"
1,"Lang",50,20260918,60,58,82.5,85.09,79.69,904,742,96,386,384,294,"PASS",0,"PASS",0,"NOT_REVEALING"
1,"Lang",51,20260918,60,104,91.59,97.66,87,394,360,37,167,216,187,"PASS",0,"PASS",0,"NOT_REVEALING"
1,"Lang",52,20260918,60,36,82.72,67.43,79.82,289,204,21,118,106,84,"PASS",0,"FAIL",1,"INCONCLUSIVE"
1,"Lang",53,20260918,60,73,97.85,98.6,97.09,421,412,30,212,194,188,"PASS",0,"PASS",0,"NOT_REVEALING"
1,"Lang",54,20260918,60,17,84.06,87.84,80.28,145,122,9,65,68,53,"PASS",0,"PASS",0,"NOT_REVEALING"
1,"Lang",55,20260918,60,17,97.46,98.25,96.67,87,85,12,56,26,25,"PASS",0,"PASS",0,"NOT_REVEALING"
1,"Lang",56,20260918,60,51,80.42,83.44,76.96,900,719,95,377,384,286,"PASS",0,"PASS",0,"NOT_REVEALING"
1,"Lang",57,20260918,60,18,90.99,93.24,88.73,145,132,9,59,68,51,"PASS",0,"PASS",0,"NOT_REVEALING"
1,"Lang",58,20260918,60,146,86.73,91.61,82.54,858,743,53,382,430,353,"PASS",0,"PASS",0,"NOT_REVEALING"
1,"Lang",59,20260918,60,225,99.9,100,99.81,1173,1172,130,656,464,463,"PASS",0,"PASS",0,"NOT_REVEALING"
1,"Lang",6,20260918,60,6,96.67,93.33,100,45,42,5,28,12,12,"PASS",0,"PASS",0,"NOT_REVEALING"
1,"Lang",60,20260918,60,215,98.77,99.09,98.45,1173,1159,130,650,464,456,"PASS",0,"PASS",0,"NOT_REVEALING"
1,"Lang",61,20260918,60,225,99.81,100,99.61,1173,1171,130,656,464,462,"PASS",0,"PASS",0,"NOT_REVEALING"
1,"Lang",62,20260918,60,25,82.58,86.52,78.76,343,288,35,193,94,66,"PASS",0,"PASS",0,"NOT_REVEALING"
1,"Lang",63,20260918,60,19,91.87,92.65,91.08,402,370,21,227,144,131,"PASS",0,"NOT_RUN","","NOT_AVAILABLE"
1,"Lang",64,20260918,60,2,17.42,16.67,18.18,29,4,5,3,8,2,"PASS",0,"PASS",0,"NOT_REVEALING"
1,"Lang",65,20260918,60,69,"","","",0,0,0,0,0,0,"PASS",0,"PASS",0,"NOT_REVEALING"
1,"Lang",7,20260918,60,124,90.65,94.48,86.82,749,674,47,342,376,325,"PASS",0,"FAIL",1,"INCONCLUSIVE"
1,"Lang",8,20260918,60,55,78.01,79.15,75.99,685,529,72,262,302,233,"PASS",0,"PASS",0,"NOT_REVEALING"
1,"Lang",9,20260918,60,36,77.6,69.26,73.22,595,426,47,169,318,239,"PASS",0,"FAIL",32,"INCONCLUSIVE"
1,"Math",1,20260918,60,109,"","","",0,0,0,0,0,0,"PASS",0,"PASS",0,"NOT_REVEALING"
1,"Math",10,20260918,60,43,"","","",0,0,0,0,0,0,"PASS",0,"PASS",0,"NOT_REVEALING"
1,"Math",100,20260918,60,8,94.37,95.89,92.86,101,95,12,70,22,20,"PASS",0,"FAIL",1,"INCONCLUSIVE"
1,"Math",101,20260918,60,19,98.97,99.3,98.63,216,214,28,142,56,56,"PASS",0,"PASS",0,"NOT_REVEALING"
1,"Math",102,20260918,60,26,99.46,99.1,98.92,204,201,18,110,86,85,"PASS",0,"PASS",0,"NOT_REVEALING"
1,"Math",103,20260918,60,6,100,100,100,57,57,11,37,14,14,"PASS",0,"PASS",0,"NOT_REVEALING"
1,"Math",104,20260918,60,17,97.73,95.45,100,89,87,8,42,40,40,"PASS",0,"PASS",0,"NOT_REVEALING"
1,"Math",105,20260918,60,12,100,100,100,104,104,22,71,18,18,"PASS",0,"PASS",0,"NOT_REVEALING"
1,"Math",106,20260918,60,8,84.41,82.46,86.36,79,66,7,47,18,15,"PASS",0,"PASS",0,"NOT_REVEALING"
1,"Math",11,20260918,60,8,100,98.31,100,90,88,8,58,28,28,"PASS",0,"FAIL",1,"INCONCLUSIVE"
1,"Math",12,20260918,60,9,100,100,100,68,68,10,48,14,14,"PASS",0,"PASS",0,"NOT_REVEALING"
1,"Math",13,20260918,60,1,0,0,0,116,0,22,0,18,0,"PASS",0,"PASS",0,"NOT_REVEALING"
1,"Math",14,20260918,60,11,83.72,82.43,85,75,55,16,37,14,8,"PASS",0,"PASS",0,"NOT_REVEALING"
1,"Math",15,20260918,60,251,88.97,92.75,85.18,2306,2076,79,1369,808,685,"PASS",0,"PASS",0,"NOT_REVEALING"
1,"Math",16,20260918,60,246,89.49,92.96,86.01,2286,2068,79,1361,800,685,"PASS",0,"PASS",0,"NOT_REVEALING"
1,"Math",17,20260918,60,6,23.04,25.41,20.67,1835,423,70,261,776,160,"PASS",0,"PASS",0,"NOT_REVEALING"
1,"Math",18,20260918,60,10,59.29,65.29,52.41,797,480,54,331,276,140,"PASS",0,"PASS",0,"NOT_REVEALING"
1,"Math",19,20260918,60,10,59.51,65.66,52.1,784,473,54,327,272,137,"PASS",0,"PASS",0,"NOT_REVEALING"
1,"Math",2,20260918,60,15,100,98.65,100,112,110,18,73,26,26,"PASS",0,"PASS",0,"NOT_REVEALING"
1,"Math",20,20260918,60,11,60.13,66,54.06,780,478,54,328,268,138,"PASS",0,"PASS",0,"NOT_REVEALING"
1,"Math",21,20260918,60,6,100,100,100,82,82,3,52,28,28,"PASS",0,"PASS",0,"NOT_REVEALING"
1,"Math",22,20260918,60,16,100,97.54,100,131,127,31,84,22,22,"PASS",0,"FAIL",2,"INCONCLUSIVE"
1,"Math",23,20260918,60,7,96.07,97.48,94.67,194,187,4,116,74,70,"PASS",0,"FAIL",3,"INCONCLUSIVE"
1,"Math",24,20260918,60,7,87.52,92.37,82.67,193,171,4,109,74,61,"PASS",0,"FAIL",1,"INCONCLUSIVE"
1,"Math",25,20260918,60,4,97.91,98.94,96.88,126,124,8,93,28,27,"PASS",0,"PASS",0,"NOT_REVEALING"
1,"Math",26,20260918,60,46,"","","",0,0,0,0,0,0,"PASS",0,"PASS",0,"NOT_REVEALING"
1,"Math",27,20260918,60,47,"","","",0,0,0,0,0,0,"PASS",0,"PASS",0,"NOT_REVEALING"
1,"Math",28,20260918,60,6,100,100,100,129,129,7,79,48,48,"PASS",0,"PASS",0,"NOT_REVEALING"
1,"Math",29,20260918,60,50,100,100,100,480,480,58,319,134,134,"PASS",0,"FAIL",1,"INCONCLUSIVE"
1,"Math",3,20260918,60,84,99.25,99.28,99.22,670,665,44,412,242,240,"PASS",0,"PASS",0,"NOT_REVEALING"
1,"Math",30,20260918,60,5,100,100,100,49,49,7,34,10,10,"PASS",0,"PASS",0,"NOT_REVEALING"
1,"Math",31,20260918,60,1,0,0,0,93,0,5,0,30,0,"PASS",0,"PASS",0,"NOT_REVEALING"
1,"Math",32,20260918,60,7,86.85,89.82,83.87,260,226,20,150,80,66,"PASS",0,"PASS",0,"NOT_REVEALING"
1,"Math",33,20260918,60,23,92.92,94.05,91.78,331,308,32,174,128,118,"PASS",0,"PASS",0,"NOT_REVEALING"
1,"Math",34,20260918,60,17,100,100,100,79,79,13,50,22,22,"PASS",0,"PASS",0,"NOT_REVEALING"
1,"Math",35,20260918,60,5,100,100,100,29,29,5,19,6,6,"PASS",0,"FAIL",3,"INCONCLUSIVE"
1,"Math",36,20260918,60,60,"","","",0,0,0,0,0,0,"PASS",0,"PASS",0,"NOT_REVEALING"
1,"Math",37,20260918,60,73,99.47,97.66,96.49,385,374,44,209,158,152,"PASS",0,"PASS",0,"NOT_REVEALING"
1,"Math",38,20260918,60,2,0.49,0.67,0.31,1850,10,15,8,644,0,"PASS",0,"PASS",0,"NOT_REVEALING"
1,"Math",39,20260918,60,8,95.41,94.39,96.43,163,155,9,101,48,46,"PASS",0,"PASS",0,"NOT_REVEALING"
1,"Math",4,20260918,60,27,100,97.16,100,137,133,15,82,44,44,"PASS",0,"PASS",0,"NOT_REVEALING"
1,"Math",40,20260918,60,19,98.94,99.2,98.68,201,199,9,124,72,71,"PASS",0,"PASS",0,"NOT_REVEALING"
1,"Math",41,20260918,60,21,94.92,100,89.83,182,176,21,111,46,40,"PASS",0,"PASS",0,"NOT_REVEALING"
1,"Math",42,20260918,60,19,92.96,95.08,90.85,325,303,32,174,124,113,"PASS",0,"FAIL",1,"INCONCLUSIVE"
1,"Math",43,20260918,60,33,100,100,100,301,301,39,192,58,58,"PASS",0,"PASS",0,"NOT_REVEALING"
1,"Math",44,20260918,60,17,88.48,89.66,87.3,179,159,23,104,44,37,"PASS",0,"PASS",0,"NOT_REVEALING"
1,"Math",45,20260918,60,8,63.93,69.79,58.06,127,85,16,67,22,9,"PASS",0,"FAIL",3,"INCONCLUSIVE"
1,"Math",46,20260918,60,69,99.43,99.49,99.38,357,355,42,195,148,147,"PASS",0,"FAIL",2,"INCONCLUSIVE"
1,"Math",47,20260918,60,64,99.42,97.44,96.77,350,340,42,190,142,137,"PASS",0,"FAIL",2,"INCONCLUSIVE"
1,"Math",48,20260918,60,19,95.56,95.52,95.59,135,129,8,64,62,59,"PASS",0,"PASS",0,"NOT_REVEALING"
1,"Math",49,20260918,60,50,100,100,100,558,558,69,376,152,152,"PASS",0,"PASS",0,"NOT_REVEALING"
1,"Math",5,20260918,60,77,99.5,98.64,98.36,403,397,44,217,170,167,"PASS",0,"FAIL",1,"INCONCLUSIVE"
1,"Math",50,20260918,60,20,95.68,95.65,95.71,139,133,8,66,64,61,"PASS",0,"PASS",0,"NOT_REVEALING"
1,"Math",51,20260918,60,20,96.95,96.92,96.97,131,127,8,63,60,58,"PASS",0,"PASS",0,"NOT_REVEALING"
1,"Math",52,20260918,60,59,96.59,95.63,96.27,500,479,21,350,122,117,"PASS",0,"PASS",0,"NOT_REVEALING"
1,"Math",53,20260918,60,52,99.3,98.17,97.62,290,284,35,161,114,111,"PASS",0,"PASS",0,"NOT_REVEALING"
1,"Math",54,20260918,60,6,24.09,26.36,21.81,1755,424,62,262,732,160,"PASS",0,"PASS",0,"NOT_REVEALING"
1,"Math",55,20260918,60,40,100,97.12,97.37,180,175,35,101,48,46,"PASS",0,"PASS",0,"NOT_REVEALING"
1,"Math",56,20260918,60,15,100,100,100,116,116,15,73,34,34,"PASS",0,"FAIL",1,"INCONCLUSIVE"
1,"Math",57,20260918,60,6,94.78,97.37,92.19,178,170,10,111,62,57,"PASS",0,"PASS",0,"NOT_REVEALING"
1,"Math",58,20260918,60,10,90.56,87.1,94.03,160,143,14,81,58,56,"PASS",0,"PASS",0,"NOT_REVEALING"
1,"Math",59,20260918,60,163,76.35,77.92,74.78,2190,1685,68,1175,662,493,"PASS",0,"FAIL",1,"INCONCLUSIVE"
1,"Math",6,20260918,60,34,34.02,34.55,32.61,1831,291,115,202,590,54,"PASS",0,"FAIL",1,"INCONCLUSIVE"
1,"Math",60,20260918,60,12,85.48,86.96,84,71,61,13,40,18,14,"PASS",0,"PASS",0,"NOT_REVEALING"
1,"Math",61,20260918,60,14,100,100,100,54,54,11,34,12,12,"PASS",0,"FAIL",1,"INCONCLUSIVE"
1,"Math",62,20260918,60,10,95.65,91.3,100,73,64,11,42,18,18,"PASS",0,"PASS",0,"NOT_REVEALING"
1,"Math",63,20260918,60,157,89.91,91.21,88.6,977,879,70,467,454,401,"PASS",0,"FAIL",1,"INCONCLUSIVE"
1,"Math",64,20260918,60,1,6.43,9.94,2.91,548,40,11,34,200,0,"PASS",0,"PASS",0,"NOT_REVEALING"
1,"Math",65,20260918,60,19,79.38,81.25,77.5,136,107,18,78,30,21,"PASS",0,"PASS",0,"NOT_REVEALING"
1,"Math",66,20260918,60,10,99.18,100,98.36,162,161,5,101,58,57,"PASS",0,"FAIL",6,"INCONCLUSIVE"
1,"Math",67,20260918,60,21,93.64,89.25,98.04,144,127,20,83,34,33,"PASS",0,"FAIL",3,"INCONCLUSIVE"
1,"Math",68,20260918,60,1,5.76,9.04,2.49,533,35,10,30,196,0,"PASS",0,"PASS",0,"NOT_REVEALING"
1,"Math",69,20260918,60,12,100,98.67,100,111,109,13,74,30,30,"PASS",0,"PASS",0,"NOT_REVEALING"
1,"Math",7,20260918,60,13,68.39,68.22,68.57,199,135,23,88,52,32,"PASS",0,"PASS",0,"NOT_REVEALING"
1,"Math",70,20260918,60,4,100,100,100,34,34,6,23,6,6,"PASS",0,"PASS",0,"NOT_REVEALING"
1,"Math",71,20260918,60,14,96.49,98.91,94.07,304,296,11,195,98,92,"PASS",0,"PASS",0,"NOT_REVEALING"
1,"Math",72,20260918,60,15,100,100,100,165,165,7,107,54,54,"PASS",0,"PASS",0,"NOT_REVEALING"
1,"Math",73,20260918,60,15,100,100,100,160,160,7,104,52,52,"PASS",0,"FAIL",1,"INCONCLUSIVE"
1,"Math",74,20260918,60,6,55.75,63.11,48.39,184,105,9,77,54,22,"PASS",0,"PASS",0,"NOT_REVEALING"
1,"Math",75,20260918,60,32,"","","",0,0,0,0,0,0,"PASS",0,"PASS",0,"NOT_REVEALING"
1,"Math",76,20260918,60,12,94.25,96.18,92.31,196,186,20,126,54,54,"PASS",0,"PASS",0,"NOT_REVEALING"
1,"Math",77,20260918,60,147,99.66,100,99.32,1200,1194,173,794,338,335,"PASS",0,"FAIL",7,"INCONCLUSIVE"
1,"Math",78,20260918,60,12,76.55,80.68,68.97,146,93,12,71,50,32,"PASS",0,"PASS",0,"NOT_REVEALING"
1,"Math",79,20260918,60,151,93.71,94.02,93.41,782,733,61,393,354,330,"PASS",0,"PASS",0,"NOT_REVEALING"
1,"Math",8,20260918,60,11,96.83,95,96.15,66,62,7,38,24,23,"PASS",0,"NOT_RUN","","NOT_AVAILABLE"
1,"Math",80,20260918,60,29,79.01,82.9,75.47,1282,1030,42,708,422,317,"PASS",0,"PASS",0,"NOT_REVEALING"
1,"Math",81,20260918,60,31,78.88,84.17,76.64,1281,1046,42,718,422,322,"PASS",0,"PASS",0,"NOT_REVEALING"
1,"Math",82,20260918,60,5,97.85,98.33,97.37,98,96,9,59,36,35,"PASS",0,"PASS",0,"NOT_REVEALING"
1,"Math",83,20260918,60,16,94.2,95.48,92.92,268,243,34,148,94,89,"PASS",0,"PASS",0,"NOT_REVEALING"
1,"Math",84,20260918,60,2,88.73,94.12,83.33,46,42,4,28,10,6,"PASS",0,"PASS",0,"NOT_REVEALING"
1,"Math",85,20260918,60,12,95.83,91.67,100,62,59,8,33,22,22,"PASS",0,"PASS",0,"NOT_REVEALING"
1,"Math",86,20260918,60,8,39.33,41.74,36.92,180,72,13,48,60,22,"PASS",0,"PASS",0,"NOT_REVEALING"
1,"Math",87,20260918,60,15,88.38,93.42,83.33,260,231,31,142,92,76,"PASS",0,"FAIL",1,"INCONCLUSIVE"
1,"Math",88,20260918,60,14,88.53,93.42,83.64,262,233,31,142,94,78,"PASS",0,"PASS",0,"NOT_REVEALING"
1,"Math",89,20260918,60,21,"","","",0,0,0,0,0,0,"PASS",0,"PASS",0,"NOT_REVEALING"
1,"Math",9,20260918,60,15,100,100,100,72,72,17,45,16,16,"PASS",0,"PASS",0,"NOT_REVEALING"
1,"Math",90,20260918,60,23,"","","",0,0,0,0,0,0,"PASS",0,"FAIL",1,"INCONCLUSIVE"
1,"Math",91,20260918,60,39,"","","",0,0,0,0,0,0,"PASS",0,"PASS",0,"NOT_REVEALING"
1,"Math",92,20260918,60,111,89.81,87.83,91.8,474,426,43,202,232,212,"PASS",0,"FAIL",1,"INCONCLUSIVE"
1,"Math",93,20260918,60,110,92.18,90.67,93.7,463,427,43,204,226,211,"PASS",0,"PASS",0,"NOT_REVEALING"
1,"Math",94,20260918,60,110,92.6,91.56,93.64,461,427,43,206,224,209,"PASS",0,"PASS",0,"NOT_REVEALING"
1,"Math",95,20260918,60,6,100,100,100,46,46,10,30,10,10,"PASS",0,"PASS",0,"NOT_REVEALING"
1,"Math",96,20260918,60,40,97.52,97.08,95.37,245,235,29,133,102,97,"PASS",0,"PASS",0,"NOT_REVEALING"
1,"Math",97,20260918,60,10,100,100,100,136,136,4,89,46,46,"PASS",0,"FAIL",1,"INCONCLUSIVE"
1,"Math",98,20260918,60,152,83.39,83.99,82.15,1550,1275,108,757,554,448,"PASS",0,"PASS",0,"NOT_REVEALING"
1,"Math",99,20260918,60,128,93.68,92.54,94.83,558,523,44,248,280,265,"PASS",0,"PASS",0,"NOT_REVEALING"
1,"Mockito",1,20260918,60,8,31.97,40.98,22.95,122,39,15,23,54,7,"PASS",0,"PASS",0,"NOT_REVEALING"
1,"Mockito",10,20260918,60,2,10,10,10,60,5,16,4,8,0,"PASS",0,"PASS",0,"NOT_REVEALING"
1,"Mockito",11,20260918,60,1,82.14,100,64.29,27,22,10,13,6,1,"PASS",0,"PASS",0,"NOT_REVEALING"
1,"Mockito",12,20260918,60,1,26.67,33.33,20,11,3,2,2,4,0,"PASS",0,"PASS",0,"NOT_REVEALING"
1,"Mockito",13,20260918,60,5,63.16,65,58.82,57,33,8,26,10,3,"PASS",0,"PASS",0,"NOT_REVEALING"
1,"Mockito",14,20260918,60,26,84.71,80.79,85.17,154,120,23,84,32,25,"PASS",0,"PASS",0,"NOT_REVEALING"
1,"Mockito",15,20260918,60,2,58.44,45.45,71.43,18,10,4,5,2,2,"PASS",0,"PASS",0,"NOT_REVEALING"
1,"Mockito",16,20260918,60,43,91.47,88.68,91.19,164,140,45,83,26,21,"FAIL",1,"FAIL",1,"INCONCLUSIVE"
1,"Mockito",17,20260918,60,22,80.32,79.73,79.55,109,83,21,46,34,25,"PASS",0,"PASS",0,"NOT_REVEALING"
1,"Mockito",18,20260918,60,2,43.24,45.45,41.03,83,36,3,20,38,15,"PASS",0,"PASS",0,"NOT_REVEALING"
1,"Mockito",19,20260918,60,8,40.24,62.05,58.43,107,38,15,27,26,7,"PASS",0,"NOT_RUN","","NOT_AVAILABLE"
1,"Mockito",2,20260918,60,2,81.25,100,62.5,16,13,3,8,6,3,"PASS",0,"FAIL",1,"INCONCLUSIVE"
1,"Mockito",20,20260918,60,4,52.5,55,50,54,26,9,22,10,4,"PASS",0,"PASS",0,"NOT_REVEALING"
1,"Mockito",21,20260918,60,2,96.88,93.75,100,22,20,5,15,2,2,"PASS",0,"PASS",0,"NOT_REVEALING"
1,"Mockito",22,20260918,60,7,55.77,69.23,42.31,39,20,6,9,24,9,"PASS",0,"PASS",0,"NOT_REVEALING"
1,"Mockito",23,20260918,60,2,15.56,19.35,11.76,48,7,10,6,8,0,"PASS",0,"PASS",0,"NOT_REVEALING"
1,"Mockito",24,20260918,60,2,44.35,45.45,43.24,81,36,3,20,36,15,"PASS",0,"PASS",0,"NOT_REVEALING"
1,"Mockito",25,20260918,60,2,20.45,22.73,18.18,33,6,6,5,6,0,"PASS",0,"PASS",0,"NOT_REVEALING"
1,"Mockito",26,20260918,60,6,100,100,100,14,14,5,7,4,4,"PASS",0,"PASS",0,"NOT_REVEALING"
1,"Mockito",27,20260918,60,6,66.01,66.67,62.96,69,43,10,28,22,12,"PASS",0,"PASS",0,"NOT_REVEALING"
1,"Mockito",28,20260918,60,2,29.18,27.59,30.77,42,11,5,8,10,2,"PASS",0,"PASS",0,"NOT_REVEALING"
1,"Mockito",29,20260918,60,4,90.42,93.33,87.5,23,21,4,14,6,5,"PASS",0,"PASS",0,"NOT_REVEALING"
1,"Mockito",3,20260918,60,8,32.36,40.98,23.73,120,39,13,25,52,8,"PASS",0,"PASS",0,"NOT_REVEALING"
1,"Mockito",30,20260918,60,49,56.37,57.35,55.39,177,152,56,93,16,9,"PASS",0,"NOT_RUN","","NOT_AVAILABLE"
1,"Mockito",31,20260918,60,1,14.58,16.67,12.5,26,4,5,3,6,0,"PASS",0,"PASS",0,"NOT_REVEALING"
1,"Mockito",32,20260918,60,4,44.57,39.13,50,37,16,4,9,12,5,"PASS",0,"PASS",0,"NOT_REVEALING"
1,"Mockito",33,20260918,60,6,32.79,40,25.58,88,27,14,17,34,4,"PASS",0,"PASS",0,"NOT_REVEALING"
1,"Mockito",34,20260918,60,3,20.85,26.32,15.38,77,16,13,10,30,2,"PASS",0,"PASS",0,"NOT_REVEALING"
1,"Mockito",35,20260918,60,47,100,100,100,100,100,50,50,0,0,"PASS",0,"FAIL",1,"INCONCLUSIVE"
1,"Mockito",36,20260918,60,2,5.8,8.57,3.03,136,7,29,6,44,0,"PASS",0,"PASS",0,"NOT_REVEALING"
1,"Mockito",37,20260918,60,6,55.56,62.96,48.15,54,29,5,17,26,12,"PASS",0,"PASS",0,"NOT_REVEALING"
1,"Mockito",38,20260918,60,1,8.89,11.11,6.67,33,3,4,2,12,0,"PASS",0,"PASS",0,"NOT_REVEALING"
1,"Mockito",4,20260918,60,68,81.55,76.43,86.67,247,184,75,118,20,9,"PASS",0,"PASS",0,"NOT_REVEALING"
1,"Mockito",5,20260918,60,8,70.83,61.11,77.78,54,33,9,22,12,9,"PASS",0,"PASS",0,"NOT_REVEALING"
1,"Mockito",6,20260918,60,48,100,100,100,108,108,54,54,0,0,"PASS",0,"PASS",0,"NOT_REVEALING"
1,"Mockito",7,20260918,60,12,18.71,15.61,21.82,283,51,48,25,84,15,"PASS",0,"PASS",0,"NOT_REVEALING"
1,"Mockito",8,20260918,60,13,19.71,16.28,23.15,280,53,48,26,82,16,"PASS",0,"PASS",0,"NOT_REVEALING"
1,"Mockito",9,20260918,60,1,100,100,100,4,4,2,2,0,0,"PASS",0,"PASS",0,"NOT_REVEALING"
1,"Time",1,20260918,60,78,95.6,96.12,92.48,467,455,70,295,118,114,"PASS",0,"FAIL",3,"INCONCLUSIVE"
1,"Time",10,20260918,60,25,93.37,94.29,92.45,123,115,16,66,46,43,"PASS",0,"PASS",0,"NOT_REVEALING"
1,"Time",11,20260918,60,32,45.22,44.36,46.09,620,273,34,173,216,97,"FAIL",3,"FAIL",4,"INCONCLUSIVE"
1,"Time",12,20260918,60,223,94.02,94.18,93.85,1092,1027,251,615,258,235,"PASS",0,"PASS",0,"NOT_REVEALING"
1,"Time",13,20260918,60,85,76.03,84.18,69.18,1241,958,97,564,526,350,"PASS",0,"PASS",0,"NOT_REVEALING"
1,"Time",14,20260918,60,19,97.37,98.25,96.49,171,167,18,110,46,45,"PASS",0,"PASS",0,"NOT_REVEALING"
1,"Time",15,20260918,60,44,97.35,97.33,97.37,151,146,16,73,74,72,"PASS",0,"PASS",0,"NOT_REVEALING"
1,"Time",16,20260918,60,50,"","","",0,0,0,0,0,0,"PASS",0,"PASS",0,"NOT_REVEALING"
1,"Time",17,20260918,60,47,80.65,85.21,75.27,524,419,48,288,164,123,"PASS",0,"PASS",0,"NOT_REVEALING"
1,"Time",18,20260918,60,20,61.66,68.91,54.4,534,339,74,235,152,76,"PASS",0,"PASS",0,"NOT_REVEALING"
1,"Time",19,20260918,60,44,81.61,85.8,77.42,524,425,48,290,164,127,"FAIL",1,"FAIL",1,"INCONCLUSIVE"
1,"Time",2,20260918,60,72,94.61,94.14,89.68,464,444,70,287,118,111,"PASS",0,"FAIL",4,"INCONCLUSIVE"
1,"Time",20,20260918,60,116,63.34,65.69,58.7,1747,1077,179,672,616,326,"PASS",0,"PASS",0,"NOT_REVEALING"
1,"Time",22,20260918,60,23,95.28,98.25,92.31,249,240,32,168,58,52,"PASS",0,"PASS",0,"NOT_REVEALING"
1,"Time",23,20260918,60,50,80.48,84.87,75.27,523,417,48,286,164,123,"PASS",0,"PASS",0,"NOT_REVEALING"
1,"Time",24,20260918,60,22,97.8,99.3,96.3,223,217,28,141,64,61,"PASS",0,"PASS",0,"NOT_REVEALING"
1,"Time",25,20260918,60,41,79.17,83.9,74.43,499,393,47,271,154,114,"PASS",0,"PASS",0,"NOT_REVEALING"
1,"Time",26,20260918,60,104,89.28,91.77,86.78,514,407,50,279,158,117,"PASS",0,"PASS",0,"NOT_REVEALING"
1,"Time",27,20260918,60,87,75.01,80.57,68.67,1234,925,97,539,520,343,"PASS",0,"PASS",0,"NOT_REVEALING"
1,"Time",3,20260918,60,86,95.76,95.8,95,378,360,103,228,50,45,"PASS",0,"PASS",0,"NOT_REVEALING"
1,"Time",4,20260918,60,57,98.46,98.42,98.51,387,380,45,249,106,104,"PASS",0,"FAIL",1,"INCONCLUSIVE"
1,"Time",5,20260918,60,72,"","","",0,0,0,0,0,0,"PASS",0,"FAIL",1,"INCONCLUSIVE"
1,"Time",6,20260918,60,20,62.12,70.39,53.85,566,362,74,240,168,80,"PASS",0,"PASS",0,"NOT_REVEALING"
1,"Time",7,20260918,60,53,"","","",0,0,0,0,0,0,"PASS",0,"PASS",0,"NOT_REVEALING"
1,"Time",8,20260918,60,52,80.38,85.14,75.62,551,439,48,298,180,136,"PASS",0,"PASS",0,"NOT_REVEALING"
1,"Time",9,20260918,60,47,80.81,85.84,75.77,540,435,48,297,172,130,"PASS",0,"FAIL",1,"INCONCLUSIVE"
2,"Chart",1,20260918,120,5,9.46,9.06,9.85,848,79,66,52,242,24,"PASS",0,"PASS",0,"NOT_REVEALING"
2,"Chart",10,20260918,60,1,100,100,100,5,5,2,3,0,0,"PASS",0,"FAIL",1,"INCONCLUSIVE"
2,"Chart",11,20260918,60,61,96.44,96.94,95.93,319,307,21,190,116,111,"PASS",0,"PASS",0,"NOT_REVEALING"
2,"Chart",12,20260918,60,26,93.72,94.74,92.71,286,269,21,180,84,79,"PASS",0,"PASS",0,"NOT_REVEALING"
2,"Chart",13,20260918,60,14,63.63,63.32,63.93,351,222,10,145,120,76,"PASS",0,"PASS",0,"NOT_REVEALING"
2,"Chart",14,20260918,60,300,57.78,61.69,54.02,4330,2483,373,1632,1438,680,"PASS",0,"FAIL",6,"INCONCLUSIVE"
2,"Chart",15,20260918,60,99,70.98,77.17,64.78,1217,891,114,639,312,177,"PASS",0,"FAIL",1,"INCONCLUSIVE"
2,"Chart",16,20260918,60,49,85.52,86.17,86.13,325,280,32,162,128,109,"PASS",0,"PASS",0,"NOT_REVEALING"
2,"Chart",17,20260918,60,49,92.95,94.44,91.45,440,410,44,272,128,115,"PASS",0,"PASS",0,"NOT_REVEALING"
2,"Chart",18,20260918,60,49,98.4,99.31,97.48,416,410,45,264,124,120,"PASS",0,"FAIL",2,"INCONCLUSIVE"
2,"Chart",19,20260918,60,136,63.58,69,59.94,1803,1178,159,779,596,330,"PASS",0,"FAIL",1,"INCONCLUSIVE"
2,"Chart",2,20260918,60,118,70.27,73.03,67.5,1361,955,52,585,546,364,"PASS",0,"PASS",0,"NOT_REVEALING"
2,"Chart",20,20260918,60,7,93.88,95.45,92.31,35,33,6,21,8,7,"PASS",0,"PASS",0,"NOT_REVEALING"
2,"Chart",21,20260918,60,43,85.71,91.93,79.49,239,210,38,148,60,44,"PASS",0,"PASS",0,"NOT_REVEALING"
2,"Chart",22,20260918,60,18,94.22,96.77,91.67,196,186,21,120,58,52,"PASS",0,"FAIL",2,"INCONCLUSIVE"
2,"Chart",23,20260918,60,16,36.92,37.32,36.51,205,76,24,53,46,12,"PASS",0,"PASS",0,"NOT_REVEALING"
2,"Chart",24,20260918,60,8,100,100,100,40,40,7,25,10,10,"PASS",0,"PASS",0,"NOT_REVEALING"
2,"Chart",25,20260918,60,10,23.32,25.29,21.35,263,62,11,44,82,14,"PASS",0,"PASS",0,"NOT_REVEALING"
2,"Chart",26,20260918,60,53,88.67,90.59,86.75,506,452,56,308,130,110,"PASS",0,"PASS",0,"NOT_REVEALING"
2,"Chart",3,20260918,60,70,94.34,95.53,93.15,599,565,54,363,192,177,"PASS",0,"PASS",0,"NOT_REVEALING"
2,"Chart",4,20260918,60,173,44.51,48.45,40.58,2879,1305,229,873,968,338,"PASS",0,"FAIL",1,"INCONCLUSIVE"
2,"Chart",5,20260918,60,41,98.84,97.67,100,275,269,34,168,80,80,"PASS",0,"FAIL",1,"INCONCLUSIVE"
2,"Chart",6,20260918,60,6,47.16,41.38,52.94,46,21,8,12,12,4,"PASS",0,"FAIL",1,"INCONCLUSIVE"
2,"Chart",7,20260918,60,25,99.37,98.74,100,233,230,27,157,54,54,"PASS",0,"PASS",0,"NOT_REVEALING"
2,"Chart",8,20260918,60,27,88.76,91.36,81.93,245,215,25,148,68,53,"PASS",0,"PASS",0,"NOT_REVEALING"
2,"Chart",9,20260918,60,54,89.25,91,87.5,441,394,44,263,128,109,"PASS",0,"PASS",0,"NOT_REVEALING"
2,"Cli",1,20260918,120,16,100,100,100,78,78,17,45,22,22,"FAIL",1,"FAIL",1,"INCONCLUSIVE"
2,"Cli",10,20260918,120,16,82.53,85.85,79.22,183,151,12,91,70,54,"FAIL",1,"FAIL",1,"INCONCLUSIVE"
2,"Cli",11,20260918,120,34,"","","",0,0,0,0,0,0,"FAIL",1,"FAIL",1,"INCONCLUSIVE"
2,"Cli",12,20260918,120,4,100,100,100,42,42,2,25,16,16,"FAIL",1,"FAIL",1,"INCONCLUSIVE"
2,"Cli",13,20260918,120,51,64.1,97.41,97.45,348,332,41,182,130,120,"FAIL",3,"FAIL",3,"INCONCLUSIVE"
2,"Cli",14,20260918,120,27,75.73,75.66,75.8,346,258,18,143,148,110,"FAIL",1,"FAIL",1,"INCONCLUSIVE"
2,"Cli",15,20260918,120,26,98.39,100,96.77,155,153,22,93,54,52,"FAIL",1,"FAIL",1,"INCONCLUSIVE"
2,"Cli",16,20260918,120,75,68.69,94.92,92.47,617,543,52,307,252,217,"FAIL",4,"FAIL",4,"INCONCLUSIVE"
2,"Cli",17,20260918,120,8,95.17,97.01,93.33,112,107,8,65,42,39,"FAIL",1,"FAIL",1,"INCONCLUSIVE"
2,"Cli",18,20260918,120,7,93.28,95.45,91.11,111,104,8,63,42,38,"FAIL",1,"FAIL",1,"INCONCLUSIVE"
2,"Cli",19,20260918,120,9,95.05,96.92,93.18,109,104,7,63,42,39,"FAIL",1,"FAIL",1,"INCONCLUSIVE"
2,"Cli",2,20260918,120,8,95.2,97.06,93.33,113,108,8,66,42,39,"FAIL",1,"FAIL",1,"INCONCLUSIVE"
2,"Cli",20,20260918,120,7,91.19,93.75,88.64,108,99,7,60,42,37,"FAIL",1,"FAIL",1,"INCONCLUSIVE"
2,"Cli",21,20260918,120,56,61.44,95.14,94.41,534,478,41,266,222,197,"FAIL",3,"FAIL",3,"INCONCLUSIVE"
2,"Cli",22,20260918,120,9,97.56,100,95.12,98,96,7,57,38,36,"FAIL",1,"FAIL",1,"INCONCLUSIVE"
2,"Cli",23,20260918,120,31,"","","",0,0,0,0,0,0,"FAIL",1,"FAIL",1,"INCONCLUSIVE"
2,"Cli",24,20260918,120,35,"","","",0,0,0,0,0,0,"FAIL",1,"FAIL",1,"INCONCLUSIVE"
2,"Cli",25,20260918,120,36,"","","",0,0,0,0,0,0,"FAIL",1,"FAIL",1,"INCONCLUSIVE"
2,"Cli",26,20260918,120,17,98.31,96.61,100,80,78,20,57,4,4,"FAIL",1,"FAIL",1,"INCONCLUSIVE"
2,"Cli",27,20260918,120,7,100,100,100,53,53,9,34,12,12,"FAIL",1,"FAIL",1,"INCONCLUSIVE"
2,"Cli",28,20260918,120,14,82.03,86.14,77.92,178,146,12,87,70,53,"FAIL",1,"FAIL",1,"INCONCLUSIVE"
2,"Cli",29,20260918,120,7,100,100,100,25,25,3,14,10,10,"FAIL",1,"FAIL",1,"INCONCLUSIVE"
2,"Cli",3,20260918,120,7,95.49,85.45,89.29,83,71,10,47,20,17,"FAIL",1,"FAIL",1,"INCONCLUSIVE"
2,"Cli",30,20260918,120,31,73.71,79.5,67.93,530,371,37,221,230,140,"FAIL",2,"FAIL",2,"INCONCLUSIVE"
2,"Cli",31,20260918,120,106,98.53,97.5,99.56,310,304,64,173,92,91,"FAIL",3,"FAIL",3,"INCONCLUSIVE"
2,"Cli",32,20260918,120,37,"","","",0,0,0,0,0,0,"FAIL",1,"FAIL",1,"INCONCLUSIVE"
2,"Cli",33,20260918,120,36,"","","",0,0,0,0,0,0,"FAIL",1,"FAIL",1,"INCONCLUSIVE"
2,"Cli",34,20260918,120,68,98.52,97.49,99.56,309,303,64,172,92,91,"FAIL",2,"FAIL",2,"INCONCLUSIVE"
2,"Cli",35,20260918,120,19,100,100,100,99,99,17,57,32,32,"PASS",0,"PASS",0,"NOT_REVEALING"
2,"Cli",36,20260918,120,28,100,100,100,161,161,26,94,50,50,"PASS",0,"PASS",0,"NOT_REVEALING"
2,"Cli",37,20260918,120,21,69.45,76.47,62.43,360,250,24,143,168,104,"PASS",0,"PASS",0,"NOT_REVEALING"
2,"Cli",38,20260918,120,16,56.79,63.87,49.71,364,208,24,122,168,82,"PASS",0,"PASS",0,"NOT_REVEALING"
2,"Cli",39,20260918,120,13,100,100,100,70,69,10,42,20,20,"PASS",0,"FAIL",1,"INCONCLUSIVE"
2,"Cli",4,20260918,120,13,70.71,74.75,66.67,171,121,9,74,68,44,"FAIL",1,"FAIL",1,"INCONCLUSIVE"
2,"Cli",40,20260918,120,12,77.32,82.22,72.41,74,57,11,37,20,12,"PASS",0,"FAIL",1,"INCONCLUSIVE"
2,"Cli",5,20260918,120,6,100,100,100,20,20,3,11,8,8,"FAIL",1,"FAIL",1,"INCONCLUSIVE"
2,"Cli",7,20260918,120,14,92.52,98.53,85.03,215,191,7,67,144,122,"FAIL",1,"FAIL",1,"INCONCLUSIVE"
2,"Cli",8,20260918,120,33,"","","",0,0,0,0,0,0,"FAIL",1,"FAIL",1,"INCONCLUSIVE"
2,"Cli",9,20260918,120,16,84.55,88.57,80.52,182,154,12,93,70,55,"FAIL",1,"FAIL",1,"INCONCLUSIVE"
2,"Closure",1,20260918,60,3,13.43,17.48,9.39,698,97,31,68,304,27,"PASS",0,"PASS",0,"NOT_REVEALING"
2,"Closure",10,20260918,60,150,42.05,40,44.18,3722,1589,172,406,2658,1147,"PASS",0,"PASS",0,"NOT_REVEALING"
2,"Closure",100,20260918,60,6,55.15,65.85,44.44,86,47,5,27,44,19,"PASS",0,"FAIL",1,"INCONCLUSIVE"
2,"Closure",101,20260918,60,5,56.32,75.95,36.84,196,130,14,119,32,8,"PASS",0,"PASS",0,"NOT_REVEALING"
2,"Closure",102,20260918,60,7,53.43,57.84,49.02,338,181,25,107,142,64,"PASS",0,"PASS",0,"NOT_REVEALING"
2,"Closure",103,20260918,60,24,28.23,28.7,27.75,1432,416,102,215,648,188,"FAIL",5,"FAIL",5,"INCONCLUSIVE"
2,"Closure",104,20260918,60,49,97.31,98.44,96.18,323,315,30,189,126,121,"PASS",0,"PASS",0,"NOT_REVEALING"
2,"Closure",105,20260918,60,41,15.28,16.21,15.09,1903,289,46,158,916,136,"PASS",0,"PASS",0,"NOT_REVEALING"
2,"Closure",106,20260918,60,125,69.8,73.4,66.34,1165,700,102,412,530,268,"PASS",0,"FAIL",1,"INCONCLUSIVE"
2,"Closure",107,20260918,60,4,50.79,35.33,22.34,411,126,30,110,78,13,"PASS",0,"PASS",0,"NOT_REVEALING"
2,"Closure",108,20260918,60,2,16.31,17.83,14.79,427,71,27,46,156,19,"PASS",0,"PASS",0,"NOT_REVEALING"
2,"Closure",109,20260918,60,25,22.78,24.53,21.02,1990,456,79,277,832,160,"PASS",0,"PASS",0,"NOT_REVEALING"
2,"Closure",11,20260918,60,14,17.32,14.17,20.47,1746,308,41,102,1018,204,"PASS",0,"PASS",0,"NOT_REVEALING"
2,"Closure",110,20260918,60,200,47.21,52.03,42.65,1983,1311,287,784,748,417,"PASS",0,"FAIL",1,"INCONCLUSIVE"
2,"Closure",111,20260918,60,2,27.3,27.85,26.76,150,41,22,22,46,5,"PASS",0,"PASS",0,"NOT_REVEALING"
2,"Closure",112,20260918,60,3,0.77,1.13,0.26,1477,10,55,8,756,2,"PASS",0,"PASS",0,"NOT_REVEALING"
2,"Closure",113,20260918,60,4,10.92,11.56,10.29,895,98,44,63,340,33,"PASS",0,"PASS",0,"NOT_REVEALING"
2,"Closure",114,20260918,60,3,15.41,18.89,11.94,1297,205,80,139,536,62,"PASS",0,"PASS",0,"NOT_REVEALING"
2,"Closure",115,20260918,60,10,11.22,14.69,7.75,544,60,31,42,242,17,"PASS",0,"PASS",0,"NOT_REVEALING"
2,"Closure",116,20260918,60,10,11.75,15.11,8.4,528,62,31,42,234,18,"PASS",0,"PASS",0,"NOT_REVEALING"
2,"Closure",117,20260918,60,3,3.89,5.97,1.8,490,20,38,16,210,1,"PASS",0,"PASS",0,"NOT_REVEALING"
2,"Closure",118,20260918,60,9,11.95,16.08,7.82,825,102,63,73,354,19,"PASS",0,"PASS",0,"NOT_REVEALING"
2,"Closure",119,20260918,60,48,25.54,30.56,20.81,976,245,81,145,460,74,"PASS",0,"PASS",0,"NOT_REVEALING"
2,"Closure",12,20260918,60,4,12.53,14.94,8.97,165,19,16,13,68,3,"PASS",0,"PASS",0,"NOT_REVEALING"
2,"Closure",120,20260918,60,34,46.28,57.35,35.2,400,181,54,117,168,46,"PASS",0,"PASS",0,"NOT_REVEALING"
2,"Closure",121,20260918,60,3,4.86,6.21,3.52,546,26,32,18,250,7,"PASS",0,"PASS",0,"NOT_REVEALING"
2,"Closure",122,20260918,60,8,23.78,16.4,31.16,1341,315,90,112,620,195,"PASS",0,"PASS",0,"NOT_REVEALING"
2,"Closure",123,20260918,60,23,14.16,16.95,11.21,1419,188,35,108,764,76,"PASS",0,"PASS",0,"NOT_REVEALING"
2,"Closure",124,20260918,60,1,6.67,8.75,4.6,167,11,7,7,86,3,"PASS",0,"PASS",0,"NOT_REVEALING"
2,"Closure",125,20260918,60,12,13.14,8.98,17.3,1928,263,44,74,1096,185,"PASS",0,"PASS",0,"NOT_REVEALING"
2,"Closure",126,20260918,60,5,20.85,18.63,23.08,180,35,7,19,76,16,"PASS",0,"PASS",0,"NOT_REVEALING"
2,"Closure",127,20260918,60,1,6.49,9.09,3.9,154,9,9,7,74,0,"PASS",0,"PASS",0,"NOT_REVEALING"
2,"Closure",128,20260918,60,23,14.21,16.8,11.46,1399,186,35,105,756,77,"PASS",0,"PASS",0,"NOT_REVEALING"
2,"Closure",129,20260918,60,4,37.68,40.28,35.09,129,49,13,29,54,17,"PASS",0,"PASS",0,"NOT_REVEALING"
2,"Closure",13,20260918,60,2,78.5,88.24,75.51,134,112,18,75,40,29,"PASS",0,"PASS",0,"NOT_REVEALING"
2,"Closure",130,20260918,60,2,4.53,5.77,3.3,637,30,24,21,268,8,"PASS",0,"PASS",0,"NOT_REVEALING"
2,"Closure",131,20260918,60,105,83.92,86.73,80.78,420,346,3,98,306,247,"PASS",0,"PASS",0,"NOT_REVEALING"
2,"Closure",132,20260918,60,23,9.29,8.5,10.08,1356,120,52,63,604,60,"PASS",0,"PASS",0,"NOT_REVEALING"
2,"Closure",133,20260918,60,29,23.4,24.39,23.25,1874,448,70,262,774,166,"PASS",0,"PASS",0,"NOT_REVEALING"
2,"Closure",134,20260918,60,10,18.29,22.92,13.66,1454,225,74,162,604,54,"FAIL",2,"FAIL",2,"INCONCLUSIVE"
2,"Closure",135,20260918,60,66,44.65,44.42,42.19,761,461,62,248,324,197,"NOT_RUN","","NOT_RUN","","NOT_AVAILABLE"
2,"Closure",136,20260918,60,15,49.74,56.83,42.64,438,238,26,158,170,74,"PASS",0,"PASS",0,"NOT_REVEALING"
2,"Closure",137,20260918,60,168,50.1,54.2,46.17,2849,1458,170,491,1882,917,"NOT_RUN","","NOT_RUN","","NOT_AVAILABLE"
2,"Closure",138,20260918,60,23,22.71,19.84,25.48,1238,270,63,92,616,160,"PASS",0,"PASS",0,"NOT_REVEALING"
2,"Closure",139,20260918,60,6,32.14,39.29,25,352,115,28,77,144,27,"PASS",0,"PASS",0,"NOT_REVEALING"
2,"Closure",14,20260918,60,25,41.79,38.56,46.49,815,347,45,155,392,182,"PASS",0,"PASS",0,"NOT_REVEALING"
2,"Closure",140,20260918,60,72,48.87,53.26,44.48,982,477,130,335,266,81,"NOT_RUN","","NOT_RUN","","NOT_AVAILABLE"
2,"Closure",141,20260918,60,140,34.36,38.1,30.6,2712,1237,145,363,1842,848,"PASS",0,"PASS",0,"NOT_REVEALING"
2,"Closure",142,20260918,60,25,12.59,10.96,10.16,1794,287,83,167,736,107,"PASS",0,"PASS",0,"NOT_REVEALING"
2,"Closure",143,20260918,60,18,35.33,40.26,30.4,717,262,60,188,212,38,"NOT_RUN","","NOT_RUN","","NOT_AVAILABLE"
2,"Closure",144,20260918,60,98,60.97,64.44,57.5,2168,881,131,533,924,308,"NOT_RUN","","NOT_RUN","","NOT_AVAILABLE"
2,"Closure",145,20260918,60,21,13.91,16.24,11.23,1164,148,31,82,646,63,"PASS",0,"PASS",0,"NOT_REVEALING"
2,"Closure",146,20260918,60,75,93.9,94.12,93.68,377,354,79,176,132,123,"NOT_RUN","","NOT_RUN","","NOT_AVAILABLE"
2,"Closure",147,20260918,60,11,35.87,40.98,30.75,353,99,25,60,140,37,"PASS",0,"PASS",0,"NOT_REVEALING"
2,"Closure",148,20260918,60,23,20.02,21.27,18.79,1571,255,41,97,868,151,"NOT_RUN","","NOT_RUN","","NOT_AVAILABLE"
2,"Closure",149,20260918,60,141,61.07,67.5,54.72,2408,1276,264,941,618,185,"FAIL",6,"FAIL",6,"INCONCLUSIVE"
2,"Closure",15,20260918,60,4,4.25,5.1,3.4,304,12,20,8,134,1,"PASS",0,"PASS",0,"NOT_REVEALING"
2,"Closure",150,20260918,60,8,26.87,31.9,21.85,1189,324,52,207,524,107,"PASS",0,"PASS",0,"NOT_REVEALING"
2,"Closure",151,20260918,60,4,57.69,74.01,41.67,225,148,15,129,42,14,"PASS",0,"PASS",0,"NOT_REVEALING"
2,"Closure",152,20260918,60,58,76.67,80.4,73.33,647,499,56,278,282,202,"NOT_RUN","","NOT_RUN","","NOT_AVAILABLE"
2,"Closure",153,20260918,60,14,35.74,38.36,34.58,649,255,41,150,264,96,"PASS",0,"PASS",0,"NOT_REVEALING"
2,"Closure",154,20260918,60,14,10.28,9.09,11.45,2055,274,77,84,1136,182,"PASS",0,"PASS",0,"NOT_REVEALING"
2,"Closure",155,20260918,60,81,31.88,37.08,23.44,848,221,74,136,386,66,"PASS",0,"PASS",0,"NOT_REVEALING"
2,"Closure",156,20260918,60,3,5.01,6.4,3.61,577,30,23,21,244,8,"PASS",0,"PASS",0,"NOT_REVEALING"
2,"Closure",157,20260918,60,29,15.04,19.34,10.64,2708,339,130,217,1340,111,"PASS",0,"PASS",0,"NOT_REVEALING"
2,"Closure",158,20260918,60,38,64.45,64.92,54.04,1254,577,105,437,352,89,"PASS",0,"PASS",0,"NOT_REVEALING"
2,"Closure",159,20260918,60,9,4.7,6.31,3.09,736,36,79,26,284,8,"PASS",0,"PASS",0,"NOT_REVEALING"
2,"Closure",16,20260918,60,1,21.72,23.44,20,332,73,24,45,128,22,"PASS",0,"PASS",0,"NOT_REVEALING"
2,"Closure",160,20260918,60,102,56.94,61.13,52.75,1219,694,148,465,358,150,"NOT_RUN","","NOT_RUN","","NOT_AVAILABLE"
2,"Closure",161,20260918,60,39,14.67,4.81,24.54,1647,280,31,30,1022,250,"NOT_RUN","","NOT_RUN","","NOT_AVAILABLE"
2,"Closure",162,20260918,60,55,50.83,57.42,44.33,525,271,78,165,182,64,"PASS",0,"PASS",0,"NOT_REVEALING"
2,"Closure",163,20260918,60,19,35.05,39.66,30.44,517,241,49,163,178,55,"PASS",0,"NOT_RUN","","NOT_AVAILABLE"
2,"Closure",164,20260918,60,30,98.05,100,96.1,166,163,14,89,70,67,"NOT_RUN","","NOT_RUN","","NOT_AVAILABLE"
2,"Closure",165,20260918,60,115,85.88,89.74,82.02,1246,957,154,658,324,202,"NOT_RUN","","NOT_RUN","","NOT_AVAILABLE"
2,"Closure",166,20260918,60,37,78.3,84.02,72.59,416,327,42,184,186,132,"NOT_RUN","","NOT_RUN","","NOT_AVAILABLE"
2,"Closure",167,20260918,60,107,63.52,64.29,62.93,1000,661,133,329,418,262,"NOT_RUN","","NOT_RUN","","NOT_AVAILABLE"
2,"Closure",168,20260918,60,5,12.91,16.7,9.12,1620,214,64,146,730,59,"PASS",0,"PASS",0,"NOT_REVEALING"
2,"Closure",169,20260918,60,272,83.66,87.88,79.46,2408,1943,250,1075,1018,765,"NOT_RUN","","NOT_RUN","","NOT_AVAILABLE"
2,"Closure",17,20260918,60,5,17.14,22.24,12.05,1589,277,64,191,714,77,"PASS",0,"PASS",0,"NOT_REVEALING"
2,"Closure",170,20260918,60,4,4.15,5.29,3.01,336,13,21,9,152,1,"PASS",0,"PASS",0,"NOT_REVEALING"
2,"Closure",171,20260918,60,7,7.27,9.16,5.29,3193,251,122,169,1538,75,"PASS",0,"PASS",0,"NOT_REVEALING"
2,"Closure",172,20260918,60,4,10.88,14.95,6.81,1738,194,67,139,792,47,"PASS",0,"PASS",0,"NOT_REVEALING"
2,"Closure",173,20260918,60,32,12.36,13.46,11.18,1912,239,56,133,998,102,"PASS",0,"PASS",0,"NOT_REVEALING"
2,"Closure",174,20260918,60,162,51.05,52.43,49.62,4203,1640,217,488,2778,1100,"PASS",0,"FAIL",1,"INCONCLUSIVE"
2,"Closure",175,20260918,60,12,16.19,21.58,10.8,528,85,31,60,234,24,"PASS",0,"PASS",0,"NOT_REVEALING"
2,"Closure",176,20260918,60,2,2.09,3.29,0.76,1523,30,56,24,778,5,"PASS",0,"PASS",0,"NOT_REVEALING"
2,"Closure",18,20260918,60,98,50.63,54.7,46.56,1545,776,175,535,456,167,"FAIL",2,"FAIL",2,"INCONCLUSIVE"
2,"Closure",19,20260918,60,39,53.46,56.29,50.62,327,175,80,94,100,49,"PASS",0,"PASS",0,"NOT_REVEALING"
2,"Closure",2,20260918,60,17,19.84,17.2,22.48,1806,365,42,130,1042,229,"PASS",0,"PASS",0,"NOT_REVEALING"
2,"Closure",20,20260918,60,14,7.34,5.68,9,1351,95,52,42,600,53,"PASS",0,"PASS",0,"NOT_REVEALING"
2,"Closure",21,20260918,60,7,63.36,70,56.72,147,92,9,56,62,33,"PASS",0,"FAIL",1,"INCONCLUSIVE"
2,"Closure",22,20260918,60,9,57.04,64.71,49.37,164,92,9,55,74,34,"PASS",0,"FAIL",2,"INCONCLUSIVE"
2,"Closure",23,20260918,60,28,15.53,8.05,23,1770,304,35,55,1086,249,"PASS",0,"PASS",0,"NOT_REVEALING"
2,"Closure",24,20260918,60,2,22.18,24.54,19.83,279,63,22,40,104,17,"PASS",0,"PASS",0,"NOT_REVEALING"
2,"Closure",25,20260918,60,3,0.99,1.5,0.3,1257,11,47,9,644,2,"PASS",0,"PASS",0,"NOT_REVEALING"
2,"Closure",26,20260918,60,9,74.17,73.33,75,153,112,17,77,40,29,"PASS",0,"FAIL",1,"INCONCLUSIVE"
2,"Closure",27,20260918,60,96,82.14,85.03,79.26,563,444,71,159,324,246,"NOT_RUN","","NOT_RUN","","NOT_AVAILABLE"
2,"Closure",28,20260918,60,3,96,92,100,35,33,10,23,2,2,"PASS",0,"FAIL",1,"INCONCLUSIVE"
2,"Closure",29,20260918,60,1,3.17,4.65,1.69,290,9,13,8,114,0,"PASS",0,"PASS",0,"NOT_REVEALING"
2,"Closure",3,20260918,60,4,4.26,5.39,3.12,327,13,21,9,146,1,"PASS",0,"PASS",0,"NOT_REVEALING"
2,"Closure",30,20260918,60,34,22,19.96,23.73,640,142,41,65,296,71,"PASS",0,"FAIL",2,"INCONCLUSIVE"
2,"Closure",31,20260918,60,97,53.5,53.88,47.24,1498,755,170,514,436,160,"FAIL",2,"FAIL",2,"INCONCLUSIVE"
2,"Closure",32,20260918,60,17,17.56,17.62,17.5,1770,309,68,181,718,114,"PASS",0,"PASS",0,"NOT_REVEALING"
2,"Closure",33,20260918,60,41,79.81,83.72,75.9,410,328,41,180,184,137,"PASS",0,"PASS",0,"NOT_REVEALING"
2,"Closure",34,20260918,60,37,32.12,35.48,28.76,1738,369,84,228,852,123,"PASS",0,"PASS",0,"NOT_REVEALING"
2,"Closure",35,20260918,60,16,17.96,11.61,24.15,1295,233,47,72,662,160,"PASS",0,"PASS",0,"NOT_REVEALING"
2,"Closure",36,20260918,60,3,4.98,6.38,3.57,534,26,32,18,246,7,"PASS",0,"PASS",0,"NOT_REVEALING"
2,"Closure",37,20260918,60,33,44.47,42.49,31.98,1524,390,132,266,636,104,"NOT_RUN","","NOT_RUN","","NOT_AVAILABLE"
2,"Closure",38,20260918,60,6,6.57,2.68,10.47,198,12,32,3,64,9,"PASS",0,"PASS",0,"NOT_REVEALING"
2,"Closure",39,20260918,60,41,82.64,88.24,77.05,387,320,40,180,172,130,"PASS",0,"FAIL",1,"INCONCLUSIVE"
2,"Closure",4,20260918,60,13,65.29,73.28,57.29,227,151,22,96,86,46,"PASS",0,"PASS",0,"NOT_REVEALING"
2,"Closure",40,20260918,60,4,19.68,22.96,16.41,1209,242,74,160,488,79,"PASS",0,"PASS",0,"NOT_REVEALING"
2,"Closure",41,20260918,60,26,42.37,47.98,36.76,574,245,40,154,240,82,"PASS",0,"PASS",0,"NOT_REVEALING"
2,"Closure",42,20260918,60,8,25.96,16.05,35.88,1155,296,82,95,524,192,"PASS",0,"PASS",0,"NOT_REVEALING"
2,"Closure",43,20260918,60,5,24.66,31.3,18.02,1509,381,64,257,672,114,"PASS",0,"PASS",0,"NOT_REVEALING"
2,"Closure",44,20260918,60,6,6.86,2.75,10.98,191,12,32,3,60,9,"PASS",0,"PASS",0,"NOT_REVEALING"
2,"Closure",45,20260918,60,6,17.56,21.67,13.44,688,123,31,83,300,39,"PASS",0,"PASS",0,"NOT_REVEALING"
2,"Closure",46,20260918,60,18,95.27,99.08,91.46,191,183,10,108,80,73,"NOT_RUN","","NOT_RUN","","NOT_AVAILABLE"
2,"Closure",47,20260918,60,9,6.09,8.23,3.94,562,40,60,32,176,3,"PASS",0,"PASS",0,"NOT_REVEALING"
2,"Closure",48,20260918,60,4,15.98,20.96,11,1493,245,63,170,666,66,"PASS",0,"PASS",0,"NOT_REVEALING"
2,"Closure",49,20260918,60,20,56.63,58.55,54.41,329,184,39,112,118,56,"PASS",0,"PASS",0,"NOT_REVEALING"
2,"Closure",5,20260918,60,1,3.04,4.47,1.61,303,9,13,8,120,0,"PASS",0,"PASS",0,"NOT_REVEALING"
2,"Closure",50,20260918,60,4,9.36,10.75,7.97,558,53,15,33,248,19,"PASS",0,"PASS",0,"NOT_REVEALING"
2,"Closure",51,20260918,60,4,4.87,1.85,7.89,184,8,31,2,54,6,"PASS",0,"PASS",0,"NOT_REVEALING"
2,"Closure",52,20260918,60,25,15.98,19.25,12.4,1321,193,36,113,720,78,"PASS",0,"PASS",0,"NOT_REVEALING"
2,"Closure",53,20260918,60,1,3.19,4.76,1.61,292,9,13,8,120,0,"PASS",0,"PASS",0,"NOT_REVEALING"
2,"Closure",54,20260918,60,63,40.89,45.28,36.58,2140,705,119,429,938,245,"NOT_RUN","","NOT_RUN","","NOT_AVAILABLE"
2,"Closure",55,20260918,60,2,22.8,26.45,19.15,249,59,33,41,80,12,"PASS",0,"PASS",0,"NOT_REVEALING"
2,"Closure",56,20260918,60,31,98.33,99.29,97.37,217,212,40,140,48,46,"FAIL",4,"FAIL",4,"INCONCLUSIVE"
2,"Closure",57,20260918,60,25,38.48,45.65,31.3,253,99,24,63,102,23,"PASS",0,"PASS",0,"NOT_REVEALING"
2,"Closure",58,20260918,60,16,"","","",0,0,0,0,0,0,"PASS",0,"PASS",0,"NOT_REVEALING"
2,"Closure",59,20260918,60,91,56.83,58.14,51.83,1251,677,151,457,366,149,"NOT_RUN","","NOT_RUN","","NOT_AVAILABLE"
2,"Closure",6,20260918,60,4,4.48,6.82,2.14,498,23,38,18,222,2,"PASS",0,"PASS",0,"NOT_REVEALING"
2,"Closure",60,20260918,60,163,46.06,45.48,46.29,3345,1534,172,418,2380,1078,"PASS",0,"PASS",0,"NOT_REVEALING"
2,"Closure",61,20260918,60,154,45.34,45.9,44.63,3337,1495,172,420,2376,1035,"PASS",0,"PASS",0,"NOT_REVEALING"
2,"Closure",62,20260918,60,10,"","","",0,0,0,0,0,0,"PASS",0,"PASS",0,"NOT_REVEALING"
2,"Closure",64,20260918,60,86,55.71,53.99,45.92,1218,603,148,413,356,124,"NOT_RUN","","NOT_RUN","","NOT_AVAILABLE"
2,"Closure",65,20260918,60,24,15.4,18.91,11.72,1321,186,36,111,720,73,"PASS",0,"PASS",0,"NOT_REVEALING"
2,"Closure",66,20260918,60,12,13.63,8.56,18.71,1713,245,41,62,980,180,"NOT_RUN","","NOT_RUN","","NOT_AVAILABLE"
2,"Closure",67,20260918,60,17,48.34,57.38,39.31,417,206,43,140,150,47,"NOT_RUN","","NOT_RUN","","NOT_AVAILABLE"
2,"Closure",68,20260918,60,19,18.98,19.56,18.4,1720,328,67,195,698,116,"PASS",0,"PASS",0,"NOT_REVEALING"
2,"Closure",69,20260918,60,11,13.91,8.91,18.9,1697,246,41,64,970,180,"PASS",0,"PASS",0,"NOT_REVEALING"
2,"Closure",7,20260918,60,43,58.69,60.59,56.79,332,192,80,103,102,58,"NOT_RUN","","NOT_RUN","","NOT_AVAILABLE"
2,"Closure",70,20260918,60,9,14.56,17.2,11.92,1448,214,59,135,648,70,"PASS",0,"PASS",0,"NOT_REVEALING"
2,"Closure",71,20260918,60,2,17.57,22.09,13.04,479,85,22,55,226,26,"PASS",0,"PASS",0,"NOT_REVEALING"
2,"Closure",72,20260918,60,9,7.79,10.87,4.71,223,19,15,15,80,0,"PASS",0,"FAIL",1,"INCONCLUSIVE"
2,"Closure",73,20260918,60,24,14.02,16.44,11.61,1310,172,35,95,718,73,"PASS",0,"PASS",0,"NOT_REVEALING"
2,"Closure",74,20260918,60,32,12.73,4.19,21.27,1935,276,36,33,1144,243,"PASS",0,"PASS",0,"NOT_REVEALING"
2,"Closure",75,20260918,60,143,43.76,42.76,44.51,3302,1444,170,387,2350,1021,"PASS",0,"PASS",0,"NOT_REVEALING"
2,"Closure",76,20260918,60,1,5.81,8.33,3.29,296,17,13,12,146,1,"PASS",0,"PASS",0,"NOT_REVEALING"
2,"Closure",77,20260918,60,20,12.53,14.82,9.92,1276,146,33,83,702,59,"PASS",0,"PASS",0,"NOT_REVEALING"
2,"Closure",78,20260918,60,24,14.28,6.25,22.3,1855,291,35,47,1100,245,"PASS",0,"PASS",0,"NOT_REVEALING"
2,"Closure",79,20260918,60,11,35.55,40.85,30.26,512,184,33,116,214,56,"PASS",0,"PASS",0,"NOT_REVEALING"
2,"Closure",8,20260918,60,1,16.17,20.48,11.86,142,24,8,17,58,7,"PASS",0,"PASS",0,"NOT_REVEALING"
2,"Closure",80,20260918,60,126,42.65,42.33,42.51,3302,1392,170,381,2356,975,"NOT_RUN","","NOT_RUN","","NOT_AVAILABLE"
2,"Closure",81,20260918,60,5,11.74,17.92,5.57,1125,135,74,105,500,23,"PASS",0,"PASS",0,"NOT_REVEALING"
2,"Closure",82,20260918,60,85,91.52,92.69,90.35,447,409,85,203,166,146,"NOT_RUN","","NOT_RUN","","NOT_AVAILABLE"
2,"Closure",83,20260918,60,5,57.02,72.34,42,238,154,15,134,44,15,"PASS",0,"PASS",0,"NOT_REVEALING"
2,"Closure",84,20260918,60,8,29.83,21.23,39.72,1057,314,70,117,468,191,"PASS",0,"PASS",0,"NOT_REVEALING"
2,"Closure",85,20260918,60,18,55.52,63.16,47.89,147,82,8,15,66,5,"FAIL",10,"FAIL",10,"INCONCLUSIVE"
2,"Closure",86,20260918,60,121,46.39,45.7,46.71,2795,1289,141,340,2014,921,"PASS",0,"PASS",0,"NOT_REVEALING"
2,"Closure",87,20260918,60,12,10.46,8.82,12.09,806,80,29,39,354,43,"PASS",0,"PASS",0,"NOT_REVEALING"
2,"Closure",88,20260918,60,1,6.85,9.52,4.17,246,17,12,12,114,1,"PASS",0,"PASS",0,"NOT_REVEALING"
2,"Closure",89,20260918,60,42,22.46,26.33,18.73,1335,343,75,196,620,132,"PASS",0,"PASS",0,"NOT_REVEALING"
2,"Closure",9,20260918,60,7,32.82,34.26,31.37,159,52,17,37,44,11,"PASS",0,"PASS",0,"NOT_REVEALING"
2,"Closure",90,20260918,60,89,33.21,40.48,25.93,532,176,26,117,240,62,"NOT_RUN","","NOT_RUN","","NOT_AVAILABLE"
2,"Closure",91,20260918,60,7,52.63,56,49.25,117,61,5,28,66,32,"PASS",0,"FAIL",1,"INCONCLUSIVE"
2,"Closure",92,20260918,60,5,13.52,14.97,12.06,676,92,30,59,274,31,"PASS",0,"PASS",0,"NOT_REVEALING"
2,"Closure",94,20260918,60,117,48.98,49.19,48.37,2635,1273,131,333,1922,911,"PASS",0,"PASS",0,"NOT_REVEALING"
2,"Closure",95,20260918,60,2,13.02,16.41,9.62,1182,158,54,107,514,42,"PASS",0,"PASS",0,"NOT_REVEALING"
2,"Closure",96,20260918,60,11,16.61,12.1,21.12,1537,266,38,76,900,187,"PASS",0,"PASS",0,"NOT_REVEALING"
2,"Closure",97,20260918,60,19,16.6,10.87,22.34,1304,228,20,59,760,169,"PASS",0,"PASS",0,"NOT_REVEALING"
2,"Closure",98,20260918,60,30,66.96,77.3,56.63,329,220,43,126,146,75,"PASS",0,"PASS",0,"NOT_REVEALING"
2,"Closure",99,20260918,60,8,65.77,73.91,57.63,105,68,5,34,58,33,"PASS",0,"PASS",0,"NOT_REVEALING"
2,"Codec",1,20260918,60,43,98.41,98.39,98.42,496,478,21,248,230,220,"PASS",0,"PASS",0,"NOT_REVEALING"
2,"Codec",10,20260918,60,5,100,100,100,78,78,5,69,6,6,"PASS",0,"PASS",0,"NOT_REVEALING"
2,"Codec",11,20260918,60,18,96.25,97.26,95.24,115,110,14,71,36,34,"PASS",0,"FAIL",1,"INCONCLUSIVE"
2,"Codec",12,20260918,60,9,94.82,96.77,92.86,59,56,4,30,26,24,"PASS",0,"PASS",0,"NOT_REVEALING"
2,"Codec",13,20260918,60,91,92.51,94.55,90.16,997,850,68,428,492,394,"PASS",0,"FAIL",2,"INCONCLUSIVE"
2,"Codec",14,20260918,60,9,18.14,19.62,16.67,242,42,23,31,72,11,"FAIL",3,"FAIL",3,"INCONCLUSIVE"
2,"Codec",15,20260918,60,10,98.81,100,97.62,93,92,12,49,34,33,"PASS",0,"FAIL",1,"INCONCLUSIVE"
2,"Codec",16,20260918,60,22,100,100,100,256,256,11,161,88,88,"PASS",0,"PASS",0,"NOT_REVEALING"
2,"Codec",17,20260918,60,24,100,100,100,74,74,21,39,20,20,"PASS",0,"PASS",0,"NOT_REVEALING"
2,"Codec",18,20260918,60,22,100,100,100,74,74,21,39,20,20,"PASS",0,"PASS",0,"NOT_REVEALING"
2,"Codec",2,20260918,60,32,97.13,97.62,96.65,389,377,32,205,168,162,"PASS",0,"PASS",0,"NOT_REVEALING"
2,"Codec",3,20260918,60,74,83.77,87.97,79.56,953,795,56,395,484,382,"PASS",0,"PASS",0,"NOT_REVEALING"
2,"Codec",4,20260918,60,44,98.98,100,97.97,424,420,39,227,180,176,"PASS",0,"PASS",0,"NOT_REVEALING"
2,"Codec",5,20260918,60,42,98.98,99.56,95.94,424,415,39,226,180,172,"PASS",0,"PASS",0,"NOT_REVEALING"
2,"Codec",6,20260918,60,10,100,100,100,68,68,6,35,28,28,"PASS",0,"PASS",0,"NOT_REVEALING"
2,"Codec",7,20260918,60,14,98.76,55.46,45.77,430,218,39,127,184,84,"PASS",0,"PASS",0,"NOT_REVEALING"
2,"Codec",8,20260918,60,53,96.11,98.72,93.28,487,474,45,256,208,196,"PASS",0,"NOT_RUN","","NOT_AVAILABLE"
2,"Codec",9,20260918,60,17,95.45,69.91,60.1,409,265,40,151,174,108,"PASS",0,"PASS",0,"NOT_REVEALING"
2,"Collections",1,20260918,60,94,79.65,84.08,79.1,978,795,62,412,466,364,"PASS",0,"PASS",0,"NOT_REVEALING"
2,"Collections",10,20260918,60,23,86.06,86.55,84.72,191,162,30,103,56,48,"PASS",0,"PASS",0,"NOT_REVEALING"
2,"Collections",11,20260918,60,11,94.29,88.57,100,57,49,13,31,12,12,"PASS",0,"PASS",0,"NOT_REVEALING"
2,"Collections",12,20260918,60,55,75.07,79.63,69.61,797,596,68,387,282,189,"FAIL",6,"FAIL",7,"INCONCLUSIVE"
2,"Collections",13,20260918,60,62,70.45,73.37,63.07,798,545,68,357,282,169,"PASS",0,"PASS",0,"NOT_REVEALING"
2,"Collections",14,20260918,60,6,72.22,66.67,77.78,27,19,8,12,2,2,"PASS",0,"PASS",0,"NOT_REVEALING"
2,"Collections",15,20260918,60,21,100,100,100,137,137,28,86,32,32,"PASS",0,"FAIL",1,"INCONCLUSIVE"
2,"Collections",16,20260918,60,26,100,100,100,137,137,28,86,32,32,"PASS",0,"PASS",0,"NOT_REVEALING"
2,"Collections",17,20260918,60,3,100,78.57,62.5,22,16,6,11,4,2,"PASS",0,"PASS",0,"NOT_REVEALING"
2,"Collections",18,20260918,60,22,96.5,95.6,96.3,145,138,27,87,38,38,"PASS",0,"FAIL",1,"INCONCLUSIVE"
2,"Collections",19,20260918,60,22,97.15,97.25,97.06,177,171,29,106,52,50,"PASS",0,"PASS",0,"NOT_REVEALING"
2,"Collections",2,20260918,60,52,64.81,67.81,59.8,762,485,65,313,272,153,"FAIL",1,"FAIL",2,"INCONCLUSIVE"
2,"Collections",20,20260918,60,27,"","","",0,0,0,0,0,0,"PASS",0,"PASS",0,"NOT_REVEALING"
2,"Collections",21,20260918,60,22,95.96,96.33,95.59,177,169,29,105,52,49,"PASS",0,"PASS",0,"NOT_REVEALING"
2,"Collections",22,20260918,60,47,83.25,83.77,83.05,309,254,72,160,64,46,"PASS",0,"PASS",0,"NOT_REVEALING"
2,"Collections",23,20260918,60,1,9.63,12.12,7.14,61,6,27,4,2,1,"PASS",0,"PASS",0,"NOT_REVEALING"
2,"Collections",24,20260918,60,5,70.78,72,69.57,48,34,13,18,12,12,"PASS",0,"PASS",0,"NOT_REVEALING"
2,"Collections",25,20260918,60,89,92.56,92.31,92.81,375,346,67,192,126,116,"PASS",0,"PASS",0,"NOT_REVEALING"
2,"Collections",26,20260918,60,8,89.72,83.78,95.65,60,49,14,31,12,12,"PASS",0,"PASS",0,"NOT_REVEALING"
2,"Collections",27,20260918,60,19,76.99,79.67,73.49,206,157,37,98,58,45,"PASS",0,"PASS",0,"NOT_REVEALING"
2,"Collections",28,20260918,60,82,50.83,54.38,47.51,1424,733,156,443,542,264,"PASS",0,"PASS",0,"NOT_REVEALING"
2,"Collections",3,20260918,60,104,95.06,96.02,93.36,598,564,48,314,258,240,"PASS",0,"PASS",0,"NOT_REVEALING"
2,"Collections",4,20260918,60,22,90.23,90.99,88.57,181,161,28,101,56,49,"PASS",0,"PASS",0,"NOT_REVEALING"
2,"Collections",5,20260918,60,23,100,100,100,131,131,28,82,30,30,"PASS",0,"PASS",0,"NOT_REVEALING"
2,"Collections",6,20260918,60,78,66.39,67.21,65.57,982,650,62,332,466,298,"PASS",0,"PASS",0,"NOT_REVEALING"
2,"Collections",7,20260918,60,51,62.47,64.95,57.52,791,486,66,311,284,154,"FAIL",9,"FAIL",9,"INCONCLUSIVE"
2,"Collections",8,20260918,60,8,83.38,82.14,84.62,123,102,15,69,36,30,"PASS",0,"PASS",0,"NOT_REVEALING"
2,"Collections",9,20260918,60,50,64.49,67.14,56.82,801,500,68,327,284,151,"FAIL",2,"FAIL",2,"INCONCLUSIVE"
2,"Compress",1,20260918,60,22,91.99,96.34,87.63,261,243,19,158,88,76,"PASS",0,"PASS",0,"NOT_REVEALING"
2,"Compress",10,20260918,60,6,14.05,14.09,13.33,433,56,32,42,120,13,"PASS",0,"PASS",0,"NOT_REVEALING"
2,"Compress",11,20260918,60,17,87.1,86.96,87.23,116,99,4,60,46,40,"FAIL",2,"FAIL",3,"INCONCLUSIVE"
2,"Compress",12,20260918,60,18,32.85,35.05,30.65,318,106,23,68,110,27,"PASS",0,"PASS",0,"NOT_REVEALING"
2,"Compress",13,20260918,60,45,96.31,95.71,96.12,339,322,43,191,104,99,"FAIL",1,"FAIL",1,"INCONCLUSIVE"
2,"Compress",14,20260918,60,23,92.52,95.05,90,171,159,13,96,66,59,"PASS",0,"FAIL",1,"INCONCLUSIVE"
2,"Compress",15,20260918,60,48,96.78,95.77,97.01,347,331,43,194,110,106,"FAIL",1,"FAIL",1,"INCONCLUSIVE"
2,"Compress",16,20260918,60,20,83.98,84.29,83.67,119,99,4,59,48,40,"FAIL",2,"FAIL",2,"INCONCLUSIVE"
2,"Compress",17,20260918,60,25,76.58,78.86,72.58,299,225,23,138,116,84,"PASS",0,"PASS",0,"NOT_REVEALING"
2,"Compress",18,20260918,60,21,75.37,77,73.74,299,227,26,154,84,59,"PASS",0,"PASS",0,"NOT_REVEALING"
2,"Compress",19,20260918,60,22,100,100,100,175,175,20,103,60,60,"PASS",0,"FAIL",1,"INCONCLUSIVE"
2,"Compress",2,20260918,60,7,60.06,71.23,48.89,118,74,8,52,42,19,"PASS",0,"PASS",0,"NOT_REVEALING"
2,"Compress",20,20260918,60,16,37.66,36.15,39.17,333,121,20,77,114,44,"PASS",0,"PASS",0,"NOT_REVEALING"
2,"Compress",21,20260918,60,12,75.05,79.12,70.97,543,417,38,286,136,92,"PASS",0,"PASS",0,"NOT_REVEALING"
2,"Compress",22,20260918,60,5,4.14,3.98,4.3,781,30,30,20,274,10,"PASS",0,"PASS",0,"NOT_REVEALING"
2,"Compress",23,20260918,60,15,80.03,78.57,81.48,152,120,26,77,34,24,"FAIL",1,"FAIL",1,"INCONCLUSIVE"
2,"Compress",24,20260918,60,30,80.08,81.25,78.57,302,236,23,143,118,93,"PASS",0,"PASS",0,"NOT_REVEALING"
2,"Compress",25,20260918,60,12,15.52,17.63,13.41,658,104,40,70,252,30,"PASS",0,"PASS",0,"NOT_REVEALING"
2,"Compress",26,20260918,60,10,95.83,91.67,100,57,53,8,33,18,18,"PASS",0,"PASS",0,"NOT_REVEALING"
2,"Compress",27,20260918,60,29,83.6,84.48,79.84,298,238,23,147,116,93,"PASS",0,"PASS",0,"NOT_REVEALING"
2,"Compress",28,20260918,60,19,37.56,42.72,32.39,355,135,31,91,126,31,"PASS",0,"PASS",0,"NOT_REVEALING"
2,"Compress",29,20260918,60,135,46.74,48.26,45.11,2592,1083,171,701,924,336,"FAIL",4,"FAIL",4,"INCONCLUSIVE"
2,"Compress",3,20260918,60,11,76.67,70,83.33,126,91,13,63,28,22,"PASS",0,"PASS",0,"NOT_REVEALING"
2,"Compress",30,20260918,60,5,4.09,3.88,4.3,769,29,30,19,274,10,"PASS",0,"PASS",0,"NOT_REVEALING"
2,"Compress",31,20260918,60,29,76.29,79.07,72.58,296,221,23,136,116,84,"PASS",0,"FAIL",1,"INCONCLUSIVE"
2,"Compress",32,20260918,60,20,40.98,45.91,36.05,367,153,33,101,130,37,"PASS",0,"PASS",0,"NOT_REVEALING"
2,"Compress",33,20260918,60,33,83.97,84.51,80.16,169,140,14,84,64,51,"FAIL",3,"FAIL",3,"INCONCLUSIVE"
2,"Compress",34,20260918,60,14,100,100,100,98,98,18,68,14,14,"PASS",0,"FAIL",1,"INCONCLUSIVE"
2,"Compress",35,20260918,60,29,77.92,80,75.83,290,221,23,136,112,85,"PASS",0,"FAIL",3,"INCONCLUSIVE"
2,"Compress",36,20260918,60,3,3.18,3.95,2.41,864,28,29,21,326,7,"PASS",0,"PASS",0,"NOT_REVEALING"
2,"Compress",37,20260918,60,23,40.4,45.57,35.23,413,169,35,108,158,46,"PASS",0,"PASS",0,"NOT_REVEALING"
2,"Compress",38,20260918,60,65,59.74,60.38,60.41,510,302,75,179,152,74,"PASS",0,"PASS",0,"NOT_REVEALING"
2,"Compress",39,20260918,60,17,90.82,83.87,97.78,107,92,14,52,36,35,"PASS",0,"PASS",0,"NOT_REVEALING"
2,"Compress",4,20260918,60,72,82.96,85.55,80.61,938,781,63,524,284,214,"FAIL",32,"FAIL",35,"INCONCLUSIVE"
2,"Compress",40,20260918,60,7,100,100,100,44,44,4,29,12,12,"PASS",0,"PASS",0,"NOT_REVEALING"
2,"Compress",41,20260918,60,13,15.45,17.89,13.01,677,107,41,73,260,30,"PASS",0,"PASS",0,"NOT_REVEALING"
2,"Compress",42,20260918,60,53,48.21,98.21,97.87,415,396,58,233,132,125,"PASS",0,"PASS",0,"NOT_REVEALING"
2,"Compress",43,20260918,60,45,65.04,74.46,57.5,876,597,66,376,300,164,"FAIL",43,"FAIL",43,"INCONCLUSIVE"
2,"Compress",44,20260918,60,4,100,100,100,26,26,6,17,6,6,"PASS",0,"PASS",0,"NOT_REVEALING"
2,"Compress",45,20260918,60,28,81.83,82.63,80.17,283,227,23,138,108,87,"PASS",0,"FAIL",1,"INCONCLUSIVE"
2,"Compress",46,20260918,60,37,100,100,100,233,233,33,118,96,96,"PASS",0,"FAIL",5,"INCONCLUSIVE"
2,"Compress",47,20260918,60,11,14.63,17.41,11.85,712,107,41,74,278,29,"PASS",0,"PASS",0,"NOT_REVEALING"
2,"Compress",5,20260918,60,11,32.03,34.16,29.9,258,83,12,55,94,26,"PASS",0,"PASS",0,"NOT_REVEALING"
2,"Compress",6,20260918,60,36,100,98.59,100,220,215,35,134,60,60,"PASS",0,"FAIL",2,"INCONCLUSIVE"
2,"Compress",7,20260918,60,15,98.41,96.83,100,104,102,9,61,38,38,"PASS",0,"PASS",0,"NOT_REVEALING"
2,"Compress",8,20260918,60,14,98.57,91.43,95.24,112,103,10,64,38,36,"PASS",0,"FAIL",4,"INCONCLUSIVE"
2,"Compress",9,20260918,60,15,67.69,64.55,70.83,158,105,13,71,42,28,"PASS",0,"PASS",0,"NOT_REVEALING"
2,"Csv",1,20260918,60,8,77.29,89.19,65.38,63,50,7,33,22,13,"PASS",0,"PASS",0,"NOT_REVEALING"
2,"Csv",10,20260918,60,19,84.5,89.31,79.69,287,244,15,142,126,100,"PASS",0,"PASS",0,"NOT_REVEALING"
2,"Csv",11,20260918,60,15,79.66,85.58,73.75,184,147,19,89,68,48,"PASS",0,"FAIL",1,"INCONCLUSIVE"
2,"Csv",12,20260918,60,44,"","","",0,0,0,0,0,0,"PASS",0,"FAIL",7,"INCONCLUSIVE"
2,"Csv",13,20260918,60,79,78.93,84.15,73.72,301,235,15,138,136,100,"PASS",0,"FAIL",6,"INCONCLUSIVE"
2,"Csv",14,20260918,60,71,"","","",0,0,0,0,0,0,"FAIL",1,"FAIL",1,"INCONCLUSIVE"
2,"Csv",15,20260918,60,70,"","","",0,0,0,0,0,0,"PASS",0,"PASS",0,"NOT_REVEALING"
2,"Csv",16,20260918,60,16,76.67,80.99,72.34,215,165,23,98,78,53,"PASS",0,"PASS",0,"NOT_REVEALING"
2,"Csv",2,20260918,60,17,100,100,100,45,45,12,20,18,18,"PASS",0,"FAIL",1,"INCONCLUSIVE"
2,"Csv",3,20260918,60,19,94.65,97.37,91.94,100,94,13,37,60,55,"PASS",0,"FAIL",2,"INCONCLUSIVE"
2,"Csv",4,20260918,60,14,84.24,88.78,79.71,167,142,18,87,58,45,"PASS",0,"FAIL",1,"INCONCLUSIVE"
2,"Csv",5,20260918,60,15,77.15,83.44,70.87,284,217,15,131,124,87,"PASS",0,"PASS",0,"NOT_REVEALING"
2,"Csv",6,20260918,60,18,96.86,97.06,96.67,64,62,16,33,20,20,"PASS",0,"PASS",0,"NOT_REVEALING"
2,"Csv",7,20260918,60,13,84.15,86.87,81.43,169,142,19,86,58,46,"PASS",0,"PASS",0,"NOT_REVEALING"
2,"Csv",8,20260918,60,46,"","","",0,0,0,0,0,0,"PASS",0,"FAIL",3,"INCONCLUSIVE"
2,"Csv",9,20260918,60,19,97.1,97.14,97.06,69,67,16,34,24,24,"PASS",0,"PASS",0,"NOT_REVEALING"
2,"Gson",1,20260918,60,2,7.29,6.25,8.33,72,4,6,3,22,0,"PASS",0,"PASS",0,"NOT_REVEALING"
2,"Gson",10,20260918,60,4,19.1,24.14,14.06,180,34,14,28,58,6,"PASS",0,"PASS",0,"NOT_REVEALING"
2,"Gson",11,20260918,60,16,25.16,23.47,26.86,675,162,80,92,218,57,"PASS",0,"PASS",0,"NOT_REVEALING"
2,"Gson",12,20260918,60,24,80.71,80.61,80.81,264,209,26,133,86,70,"PASS",0,"FAIL",1,"INCONCLUSIVE"
2,"Gson",13,20260918,60,35,41.74,42.77,40.71,1351,549,39,290,666,268,"PASS",0,"PASS",0,"NOT_REVEALING"
2,"Gson",14,20260918,60,1,62.96,66.12,59.8,446,280,39,160,190,111,"PASS",0,"PASS",0,"NOT_REVEALING"
2,"Gson",15,20260918,60,34,91.59,94.48,88.7,296,273,33,171,102,89,"PASS",0,"PASS",0,"NOT_REVEALING"
2,"Gson",16,20260918,60,1,65.41,68.02,62.8,454,298,40,168,194,119,"PASS",0,"PASS",0,"NOT_REVEALING"
2,"Gson",17,20260918,60,9,80.15,88.89,69.57,77,63,10,48,16,9,"PASS",0,"FAIL",1,"INCONCLUSIVE"
2,"Gson",18,20260918,60,1,64.21,66.8,61.61,461,297,40,167,198,120,"PASS",0,"PASS",0,"NOT_REVEALING"
2,"Gson",2,20260918,60,13,22.38,22.63,22.14,620,135,70,81,210,41,"PASS",0,"PASS",0,"NOT_REVEALING"
2,"Gson",3,20260918,60,1,0,0,0,131,0,18,0,32,0,"PASS",0,"PASS",0,"NOT_REVEALING"
2,"Gson",4,20260918,60,72,67.96,70.03,67.33,1638,851,72,471,756,372,"PASS",0,"FAIL",5,"INCONCLUSIVE"
2,"Gson",5,20260918,60,14,79.75,87.92,71.58,244,175,9,131,92,65,"PASS",0,"PASS",0,"NOT_REVEALING"
2,"Gson",6,20260918,60,3,63.21,55,71.43,27,14,3,11,6,4,"PASS",0,"PASS",0,"NOT_REVEALING"
2,"Gson",7,20260918,60,42,42.42,44.41,40.27,1338,558,40,302,650,258,"PASS",0,"FAIL",1,"INCONCLUSIVE"
2,"Gson",9,20260918,60,72,69.14,70.36,67.92,1116,555,132,325,378,196,"PASS",0,"PASS",0,"NOT_REVEALING"
2,"JacksonCore",1,20260918,60,45,93.02,94.97,91.07,645,602,45,377,238,216,"PASS",0,"FAIL",2,"INCONCLUSIVE"
2,"JacksonCore",10,20260918,60,35,56.78,68.82,44.75,760,452,48,320,280,117,"PASS",0,"PASS",0,"NOT_REVEALING"
2,"JacksonCore",11,20260918,60,36,60.55,75.64,45.45,765,488,48,354,282,120,"PASS",0,"FAIL",2,"INCONCLUSIVE"
2,"JacksonCore",12,20260918,60,120,23.25,25.67,21.37,5861,1317,172,794,2652,539,"PASS",0,"PASS",0,"NOT_REVEALING"
2,"JacksonCore",13,20260918,60,11,95.39,96.67,94.12,47,45,10,29,12,11,"PASS",0,"PASS",0,"NOT_REVEALING"
2,"JacksonCore",14,20260918,60,28,100,100,100,107,107,26,68,22,22,"PASS",0,"PASS",0,"NOT_REVEALING"
2,"JacksonCore",15,20260918,60,74,47.46,47.18,47.74,683,320,53,176,272,110,"PASS",0,"PASS",0,"NOT_REVEALING"
2,"JacksonCore",16,20260918,60,6,95.83,100,91.67,57,55,7,33,22,20,"PASS",0,"FAIL",3,"INCONCLUSIVE"
2,"JacksonCore",17,20260918,60,51,32.64,34.85,30.43,1526,502,74,344,534,159,"PASS",0,"FAIL",2,"INCONCLUSIVE"
2,"JacksonCore",18,20260918,60,146,54.16,56.64,52.22,3240,1446,171,988,1106,452,"PASS",0,"PASS",0,"NOT_REVEALING"
2,"JacksonCore",19,20260918,60,137,24.87,27.21,22.59,5865,1391,172,845,2648,574,"PASS",0,"PASS",0,"NOT_REVEALING"
2,"JacksonCore",2,20260918,60,118,28.83,29.9,27.47,4485,1181,132,690,2012,507,"PASS",0,"FAIL",3,"INCONCLUSIVE"
2,"JacksonCore",20,20260918,60,47,43.59,41.94,45.24,416,168,65,104,116,37,"PASS",0,"PASS",0,"NOT_REVEALING"
2,"JacksonCore",21,20260918,60,63,33.73,32.21,35.26,714,240,55,124,290,77,"PASS",0,"PASS",0,"NOT_REVEALING"
2,"JacksonCore",22,20260918,60,60,28.96,28.87,29.05,708,205,55,110,288,56,"PASS",0,"PASS",0,"NOT_REVEALING"
2,"JacksonCore",23,20260918,60,32,100,99.05,100,163,162,32,101,40,40,"PASS",0,"PASS",0,"NOT_REVEALING"
2,"JacksonCore",24,20260918,60,55,25.28,30.26,20.47,1094,265,113,174,452,82,"PASS",0,"PASS",0,"NOT_REVEALING"
2,"JacksonCore",25,20260918,60,74,28.13,28.83,27.42,2840,779,80,414,1394,376,"PASS",0,"PASS",0,"NOT_REVEALING"
2,"JacksonCore",3,20260918,60,64,21.58,24.17,21.34,2791,621,82,371,1244,258,"PASS",0,"PASS",0,"NOT_REVEALING"
2,"JacksonCore",5,20260918,60,26,94.02,95.18,92.86,153,144,19,79,62,57,"PASS",0,"PASS",0,"NOT_REVEALING"
2,"JacksonCore",6,20260918,60,29,95.34,96.39,94.29,153,146,19,80,62,58,"PASS",0,"PASS",0,"NOT_REVEALING"
2,"JacksonCore",7,20260918,60,19,100,100,100,111,111,17,69,32,32,"PASS",0,"FAIL",1,"INCONCLUSIVE"
2,"JacksonCore",8,20260918,60,49,98.25,99.26,97.24,415,409,33,268,138,134,"PASS",0,"PASS",0,"NOT_REVEALING"
2,"JacksonCore",9,20260918,60,158,27.25,31.29,23.55,5740,1462,200,881,2590,601,"PASS",0,"PASS",0,"NOT_REVEALING"
2,"JacksonDatabind",1,20260918,60,26,54.1,62.37,45.83,314,176,38,121,104,39,"PASS",0,"PASS",0,"NOT_REVEALING"
2,"JacksonDatabind",10,20260918,60,13,39.74,48.45,31.05,447,244,24,166,166,71,"PASS",0,"PASS",0,"NOT_REVEALING"
2,"JacksonDatabind",100,20260918,60,44,86.45,87.7,85.19,230,198,34,107,88,72,"PASS",0,"PASS",0,"NOT_REVEALING"
2,"JacksonDatabind",101,20260918,60,8,2.03,1.3,2.76,751,8,33,6,274,0,"PASS",0,"PASS",0,"NOT_REVEALING"
2,"JacksonDatabind",102,20260918,60,8,51.32,56.34,46.3,125,65,8,40,52,24,"PASS",0,"FAIL",1,"INCONCLUSIVE"
2,"JacksonDatabind",103,20260918,60,523,51.92,54.35,49.51,7196,3387,694,2125,2668,1084,"PASS",0,"PASS",0,"NOT_REVEALING"
2,"JacksonDatabind",104,20260918,60,33,78.5,79.77,77.4,403,315,40,203,128,96,"PASS",0,"PASS",0,"NOT_REVEALING"
2,"JacksonDatabind",105,20260918,60,4,70.33,71.43,69.23,27,19,2,10,12,8,"PASS",0,"PASS",0,"NOT_REVEALING"
2,"JacksonDatabind",106,20260918,60,50,97.66,99.17,96.15,224,218,34,119,84,80,"PASS",0,"PASS",0,"NOT_REVEALING"
2,"JacksonDatabind",107,20260918,60,13,61.9,71.43,52.38,119,75,14,55,32,12,"PASS",0,"PASS",0,"NOT_REVEALING"
2,"JacksonDatabind",108,20260918,60,91,67.14,72.39,62.74,694,471,126,312,182,88,"PASS",0,"PASS",0,"NOT_REVEALING"
2,"JacksonDatabind",109,20260918,60,22,83.99,74.69,78.6,147,102,25,61,44,32,"PASS",0,"PASS",0,"NOT_REVEALING"
2,"JacksonDatabind",11,20260918,60,50,73.58,75.24,70.61,543,398,56,233,198,130,"PASS",0,"PASS",0,"NOT_REVEALING"
2,"JacksonDatabind",110,20260918,60,2,18.99,19.57,18.42,84,12,9,9,34,7,"PASS",0,"PASS",0,"NOT_REVEALING"
2,"JacksonDatabind",111,20260918,60,42,44.62,41.72,47.52,515,151,102,104,94,16,"PASS",0,"PASS",0,"NOT_REVEALING"
2,"JacksonDatabind",112,20260918,60,15,55.23,51.72,58.73,150,80,12,45,58,32,"PASS",0,"PASS",0,"NOT_REVEALING"
2,"JacksonDatabind",12,20260918,60,23,41.14,42.15,40.13,418,171,28,110,144,54,"PASS",0,"FAIL",2,"INCONCLUSIVE"
2,"JacksonDatabind",13,20260918,60,20,73.25,75.05,69.83,221,139,29,90,68,32,"PASS",0,"PASS",0,"NOT_REVEALING"
2,"JacksonDatabind",14,20260918,60,78,66.94,70.53,63.35,601,402,109,268,150,71,"PASS",0,"PASS",0,"NOT_REVEALING"
2,"JacksonDatabind",15,20260918,60,75,68.18,72.97,63.39,1286,696,103,450,476,207,"PASS",0,"FAIL",2,"INCONCLUSIVE"
2,"JacksonDatabind",16,20260918,60,7,72.44,68.57,76.32,73,50,10,24,36,27,"PASS",0,"PASS",0,"NOT_REVEALING"
2,"JacksonDatabind",17,20260918,60,164,73.46,77.62,69.33,996,736,213,481,206,111,"PASS",0,"FAIL",1,"INCONCLUSIVE"
2,"JacksonDatabind",18,20260918,60,17,95.54,95.52,95.56,112,104,17,64,34,32,"PASS",0,"PASS",0,"NOT_REVEALING"
2,"JacksonDatabind",19,20260918,60,53,68.64,72.22,64.75,603,415,57,246,230,138,"PASS",0,"PASS",0,"NOT_REVEALING"
2,"JacksonDatabind",2,20260918,60,101,58.75,63.18,54.37,1026,610,131,380,346,158,"PASS",0,"FAIL",1,"INCONCLUSIVE"
2,"JacksonDatabind",20,20260918,60,67,98.08,97.84,98.32,304,298,61,181,84,82,"PASS",0,"PASS",0,"NOT_REVEALING"
2,"JacksonDatabind",21,20260918,60,28,46.72,56.02,37.41,602,281,77,186,256,87,"PASS",0,"PASS",0,"NOT_REVEALING"
2,"JacksonDatabind",22,20260918,60,48,19.5,22.38,16.61,1040,200,58,135,418,54,"PASS",0,"NOT_RUN","","NOT_AVAILABLE"
2,"JacksonDatabind",23,20260918,60,12,77.34,57.38,71.79,100,57,20,35,22,12,"PASS",0,"PASS",0,"NOT_REVEALING"
2,"JacksonDatabind",24,20260918,60,1,0,0,0,108,0,26,0,26,0,"PASS",0,"PASS",0,"NOT_REVEALING"
2,"JacksonDatabind",25,20260918,60,69,59.93,64.55,55.31,1834,716,90,465,776,239,"PASS",0,"PASS",0,"NOT_REVEALING"
2,"JacksonDatabind",26,20260918,60,54,60.24,67.55,52.94,435,269,51,179,148,68,"PASS",0,"PASS",0,"NOT_REVEALING"
2,"JacksonDatabind",27,20260918,60,6,1.48,0.51,2.45,635,3,25,2,234,0,"PASS",0,"PASS",0,"NOT_REVEALING"
2,"JacksonDatabind",28,20260918,60,9,66.61,68,65.22,48,32,11,17,16,8,"PASS",0,"PASS",0,"NOT_REVEALING"
2,"JacksonDatabind",29,20260918,60,8,24.71,30.5,18.92,215,55,18,43,62,5,"PASS",0,"PASS",0,"NOT_REVEALING"
2,"JacksonDatabind",3,20260918,60,5,34.94,41.67,28.21,99,36,7,25,36,8,"PASS",0,"PASS",0,"NOT_REVEALING"
2,"JacksonDatabind",30,20260918,60,267,66.49,71.11,62.11,2167,1433,369,931,598,296,"PASS",0,"PASS",0,"NOT_REVEALING"
2,"JacksonDatabind",31,20260918,60,103,63.1,66.51,59.74,1110,689,133,430,390,204,"PASS",0,"PASS",0,"NOT_REVEALING"
2,"JacksonDatabind",32,20260918,60,20,31.52,24.32,38.71,476,143,20,63,210,77,"PASS",0,"PASS",0,"NOT_REVEALING"
2,"JacksonDatabind",33,20260918,60,72,43.81,53.95,33.66,670,292,78,198,290,90,"PASS",0,"PASS",0,"NOT_REVEALING"
2,"JacksonDatabind",34,20260918,60,11,90.05,92.59,83.33,51,45,4,25,24,20,"PASS",0,"PASS",0,"NOT_REVEALING"
2,"JacksonDatabind",35,20260918,60,6,44.5,41.18,47.83,57,25,9,14,16,4,"PASS",0,"PASS",0,"NOT_REVEALING"
2,"JacksonDatabind",36,20260918,60,43,94.18,95.56,92.16,333,313,24,171,142,128,"PASS",0,"PASS",0,"NOT_REVEALING"
2,"JacksonDatabind",37,20260918,60,23,98.13,98.48,97.78,111,109,21,65,32,31,"PASS",0,"PASS",0,"NOT_REVEALING"
2,"JacksonDatabind",38,20260918,60,40,98.14,98.51,97.78,112,110,21,66,32,31,"PASS",0,"PASS",0,"NOT_REVEALING"
2,"JacksonDatabind",39,20260918,60,3,70.24,83.33,57.14,20,13,3,5,12,6,"PASS",0,"PASS",0,"NOT_REVEALING"
2,"JacksonDatabind",4,20260918,60,5,34.94,41.67,28.21,99,36,7,25,36,8,"PASS",0,"FAIL",2,"INCONCLUSIVE"
2,"JacksonDatabind",40,20260918,60,36,41.05,41.3,40.8,385,158,33,76,178,60,"PASS",0,"PASS",0,"NOT_REVEALING"
2,"JacksonDatabind",41,20260918,60,48,83.36,86.92,79.15,580,484,65,278,220,166,"PASS",0,"PASS",0,"NOT_REVEALING"
2,"JacksonDatabind",42,20260918,60,23,62.41,60.91,63.92,207,128,9,67,92,57,"PASS",0,"PASS",0,"NOT_REVEALING"
2,"JacksonDatabind",43,20260918,60,7,88.49,90.32,86.67,46,40,11,28,6,4,"PASS",0,"FAIL",1,"INCONCLUSIVE"
2,"JacksonDatabind",44,20260918,60,22,98.3,98.65,97.96,123,121,22,73,36,35,"PASS",0,"PASS",0,"NOT_REVEALING"
2,"JacksonDatabind",45,20260918,60,14,57.13,52.5,61.76,74,41,8,21,32,19,"PASS",0,"PASS",0,"NOT_REVEALING"
2,"JacksonDatabind",46,20260918,60,23,100,100,100,84,84,19,51,22,22,"PASS",0,"FAIL",1,"INCONCLUSIVE"
2,"JacksonDatabind",47,20260918,60,75,70.36,62.5,78.23,300,207,86,110,44,18,"PASS",0,"PASS",0,"NOT_REVEALING"
2,"JacksonDatabind",48,20260918,60,159,"","","",0,0,0,0,0,0,"PASS",0,"PASS",0,"NOT_REVEALING"
2,"JacksonDatabind",49,20260918,60,6,85.71,85.71,85.71,35,30,4,18,12,10,"PASS",0,"PASS",0,"NOT_REVEALING"
2,"JacksonDatabind",5,20260918,60,28,"","","",0,0,0,0,0,0,"PASS",0,"PASS",0,"NOT_REVEALING"
2,"JacksonDatabind",50,20260918,60,7,1.55,0.49,2.6,678,3,29,2,256,0,"PASS",0,"PASS",0,"NOT_REVEALING"
2,"JacksonDatabind",51,20260918,60,13,65.24,72.97,57.5,114,75,12,54,34,17,"PASS",0,"PASS",0,"NOT_REVEALING"
2,"JacksonDatabind",52,20260918,60,3,3.85,5.19,2.5,1214,21,76,18,448,0,"PASS",0,"PASS",0,"NOT_REVEALING"
2,"JacksonDatabind",53,20260918,60,79,80.28,83.73,76.21,607,488,65,282,232,168,"PASS",0,"PASS",0,"NOT_REVEALING"
2,"JacksonDatabind",54,20260918,60,1,3.29,5.26,1.32,171,5,8,5,74,0,"PASS",0,"PASS",0,"NOT_REVEALING"
2,"JacksonDatabind",55,20260918,60,16,85.22,86.44,84,109,92,12,51,44,36,"PASS",0,"PASS",0,"NOT_REVEALING"
2,"JacksonDatabind",56,20260918,60,18,52.27,50,54.55,211,110,9,56,94,49,"PASS",0,"PASS",0,"NOT_REVEALING"
2,"JacksonDatabind",57,20260918,60,90,70.89,76.11,65.68,642,458,120,309,156,79,"PASS",0,"PASS",0,"NOT_REVEALING"
2,"JacksonDatabind",58,20260918,60,18,17.46,19.5,14.93,519,90,20,61,198,27,"PASS",0,"PASS",0,"NOT_REVEALING"
2,"JacksonDatabind",59,20260918,60,122,93.69,95.51,91.39,965,844,154,491,320,250,"PASS",0,"PASS",0,"NOT_REVEALING"
2,"JacksonDatabind",6,20260918,60,30,94.94,95.59,94.29,241,229,23,130,94,87,"PASS",0,"PASS",0,"NOT_REVEALING"
2,"JacksonDatabind",60,20260918,60,2,1.3,0,2.6,187,0,12,0,74,0,"PASS",0,"PASS",0,"NOT_REVEALING"
2,"JacksonDatabind",61,20260918,60,185,81.36,82.97,79.76,1186,845,255,525,266,161,"PASS",0,"PASS",0,"NOT_REVEALING"
2,"JacksonDatabind",62,20260918,60,20,56.17,56.92,55.42,213,117,19,74,72,36,"PASS",0,"PASS",0,"NOT_REVEALING"
2,"JacksonDatabind",63,20260918,60,31,94.98,97.62,92.41,205,196,44,120,44,38,"PASS",0,"PASS",0,"NOT_REVEALING"
2,"JacksonDatabind",64,20260918,60,1,3.33,6.67,0,184,7,8,7,78,0,"PASS",0,"PASS",0,"NOT_REVEALING"
2,"JacksonDatabind",66,20260918,60,28,60.89,59.09,62.7,280,161,22,91,112,67,"PASS",0,"FAIL",2,"INCONCLUSIVE"
2,"JacksonDatabind",67,20260918,60,39,18.94,25.13,13.16,1395,274,58,194,614,74,"PASS",0,"PASS",0,"NOT_REVEALING"
2,"JacksonDatabind",68,20260918,60,1,0.25,0.51,0,990,3,56,3,382,0,"PASS",0,"PASS",0,"NOT_REVEALING"
2,"JacksonDatabind",69,20260918,60,12,42.71,46.03,39.39,225,97,29,58,82,33,"PASS",0,"PASS",0,"NOT_REVEALING"
2,"JacksonDatabind",7,20260918,60,102,58.48,64.34,52.67,1048,609,131,396,356,154,"PASS",0,"PASS",0,"NOT_REVEALING"
2,"JacksonDatabind",70,20260918,60,30,80.39,86.28,74.5,375,305,27,195,142,104,"PASS",0,"PASS",0,"NOT_REVEALING"
2,"JacksonDatabind",71,20260918,60,30,65.36,63.27,67.46,273,169,22,93,112,73,"PASS",0,"PASS",0,"NOT_REVEALING"
2,"JacksonDatabind",72,20260918,60,3,18.48,19.57,17.39,69,12,16,9,10,0,"PASS",0,"PASS",0,"NOT_REVEALING"
2,"JacksonDatabind",73,20260918,60,18,5.72,6.05,5.39,1697,101,131,57,726,42,"PASS",0,"PASS",0,"NOT_REVEALING"
2,"JacksonDatabind",74,20260918,60,6,39.72,43.33,36.11,96,38,9,26,32,9,"PASS",0,"PASS",0,"NOT_REVEALING"
2,"JacksonDatabind",75,20260918,60,12,28.27,17.65,38.89,122,30,10,12,50,18,"PASS",0,"NOT_RUN","","NOT_AVAILABLE"
2,"JacksonDatabind",76,20260918,60,6,1.48,0,2.96,522,0,26,0,190,0,"PASS",0,"PASS",0,"NOT_REVEALING"
2,"JacksonDatabind",77,20260918,60,10,44.18,49.22,39.13,528,236,20,158,204,78,"PASS",0,"PASS",0,"NOT_REVEALING"
2,"JacksonDatabind",78,20260918,60,10,35.91,38.51,32.09,550,197,20,129,212,66,"PASS",0,"PASS",0,"NOT_REVEALING"
2,"JacksonDatabind",79,20260918,60,100,55.56,59.14,50.79,1419,514,120,349,578,150,"PASS",0,"PASS",0,"NOT_REVEALING"
2,"JacksonDatabind",8,20260918,60,27,82.92,87.83,78.02,206,172,27,101,72,52,"PASS",0,"PASS",0,"NOT_REVEALING"
2,"JacksonDatabind",80,20260918,60,2,8.65,8.87,8.43,207,18,10,11,82,6,"PASS",0,"PASS",0,"NOT_REVEALING"
2,"JacksonDatabind",81,20260918,60,76,30.63,36.45,24.81,915,286,90,191,372,80,"PASS",0,"PASS",0,"NOT_REVEALING"
2,"JacksonDatabind",82,20260918,60,16,18.19,19.06,15.98,560,99,21,64,216,30,"PASS",0,"PASS",0,"NOT_REVEALING"
2,"JacksonDatabind",83,20260918,60,23,63.86,62.3,65.42,229,144,10,76,102,65,"PASS",0,"PASS",0,"NOT_REVEALING"
2,"JacksonDatabind",84,20260918,60,17,100,100,100,57,57,16,30,14,14,"PASS",0,"PASS",0,"NOT_REVEALING"
2,"JacksonDatabind",85,20260918,60,12,44.51,46.51,42.5,83,37,8,20,38,16,"PASS",0,"PASS",0,"NOT_REVEALING"
2,"JacksonDatabind",86,20260918,60,18,100,100,100,57,57,16,30,14,14,"PASS",0,"PASS",0,"NOT_REVEALING"
2,"JacksonDatabind",87,20260918,60,45,94.49,95.24,93.75,349,330,27,179,148,136,"PASS",0,"PASS",0,"NOT_REVEALING"
2,"JacksonDatabind",88,20260918,60,11,70.27,70.83,69.7,81,56,9,34,26,16,"PASS",0,"FAIL",1,"INCONCLUSIVE"
2,"JacksonDatabind",9,20260918,60,4,95,90,100,15,13,4,9,2,2,"PASS",0,"PASS",0,"NOT_REVEALING"
2,"JacksonDatabind",90,20260918,60,48,71.37,73.65,69.08,374,262,80,155,104,58,"PASS",0,"PASS",0,"NOT_REVEALING"
2,"JacksonDatabind",91,20260918,60,19,62.54,67.07,58.02,295,185,20,110,126,71,"PASS",0,"PASS",0,"NOT_REVEALING"
2,"JacksonDatabind",92,20260918,60,16,14.68,17.99,10.9,539,81,21,58,208,20,"PASS",0,"PASS",0,"NOT_REVEALING"
2,"JacksonDatabind",93,20260918,60,2,42.86,50,35.71,30,12,3,8,12,3,"PASS",0,"PASS",0,"NOT_REVEALING"
2,"JacksonDatabind",94,20260918,60,2,45.92,52.94,38.89,35,15,3,9,16,5,"PASS",0,"PASS",0,"NOT_REVEALING"
2,"JacksonDatabind",95,20260918,60,58,82.82,84.63,80.73,760,594,82,350,278,198,"PASS",0,"PASS",0,"NOT_REVEALING"
2,"JacksonDatabind",96,20260918,60,32,18.49,23.88,13.72,1501,290,60,207,624,77,"PASS",0,"PASS",0,"NOT_REVEALING"
2,"JacksonDatabind",97,20260918,60,28,92.5,92.68,92.31,80,74,16,38,34,31,"PASS",0,"FAIL",1,"INCONCLUSIVE"
2,"JacksonDatabind",98,20260918,60,9,32.07,39.13,25,311,107,23,81,92,16,"PASS",0,"PASS",0,"NOT_REVEALING"
2,"JacksonDatabind",99,20260918,60,29,100,100,100,111,111,24,69,28,28,"PASS",0,"FAIL",1,"INCONCLUSIVE"
2,"JacksonXml",1,20260918,60,2,2.52,4.12,0.92,508,13,52,12,186,1,"PASS",0,"PASS",0,"NOT_REVEALING"
2,"JacksonXml",2,20260918,60,1,2.17,3.53,0.81,294,7,24,6,114,1,"PASS",0,"PASS",0,"NOT_REVEALING"
2,"JacksonXml",3,20260918,60,2,2.51,4.11,0.9,513,13,52,12,190,1,"PASS",0,"PASS",0,"NOT_REVEALING"
2,"JacksonXml",4,20260918,60,16,55,56.78,53.23,180,93,11,67,58,29,"PASS",0,"FAIL",4,"INCONCLUSIVE"
2,"JacksonXml",5,20260918,60,14,66.22,69.47,62.96,149,95,13,66,48,28,"PASS",0,"PASS",0,"NOT_REVEALING"
2,"JacksonXml",6,20260918,60,64,40.69,40.66,40.73,730,273,68,196,222,75,"PASS",0,"PASS",0,"NOT_REVEALING"
2,"Jsoup",1,20260918,60,9,100,100,100,72,72,12,46,18,18,"PASS",0,"PASS",0,"NOT_REVEALING"
2,"Jsoup",10,20260918,60,26,94.71,91.5,97.26,226,210,42,140,48,47,"PASS",0,"PASS",0,"NOT_REVEALING"
2,"Jsoup",11,20260918,60,14,58.82,66.5,51.15,328,197,27,131,120,58,"PASS",0,"PASS",0,"NOT_REVEALING"
2,"Jsoup",12,20260918,60,14,64.07,70.51,57.64,361,234,29,153,132,74,"PASS",0,"PASS",0,"NOT_REVEALING"
2,"Jsoup",13,20260918,60,28,94.44,94.82,93.55,286,268,49,183,64,58,"PASS",0,"PASS",0,"NOT_REVEALING"
2,"Jsoup",14,20260918,60,32,46.51,48.76,44.26,2110,193,94,118,846,60,"PASS",0,"PASS",0,"NOT_REVEALING"
2,"Jsoup",15,20260918,60,1,0,0,0,1844,0,41,0,780,0,"PASS",0,"PASS",0,"NOT_REVEALING"
2,"Jsoup",16,20260918,60,2,100,100,100,21,21,4,14,4,4,"PASS",0,"FAIL",2,"INCONCLUSIVE"
2,"Jsoup",17,20260918,60,1,0,0,0,1844,0,41,0,780,0,"PASS",0,"PASS",0,"NOT_REVEALING"
2,"Jsoup",18,20260918,60,41,100,100,100,190,190,27,97,82,82,"PASS",0,"FAIL",1,"INCONCLUSIVE"
2,"Jsoup",19,20260918,60,15,95.95,98.64,93.26,236,228,27,145,72,66,"PASS",0,"FAIL",1,"INCONCLUSIVE"
2,"Jsoup",2,20260918,60,11,"","","",0,0,0,0,0,0,"PASS",0,"PASS",0,"NOT_REVEALING"
2,"Jsoup",20,20260918,60,8,69.54,81.4,57.69,69,50,7,35,24,13,"PASS",0,"FAIL",1,"INCONCLUSIVE"
2,"Jsoup",21,20260918,60,25,100,100,100,46,46,10,29,10,10,"PASS",0,"FAIL",1,"INCONCLUSIVE"
2,"Jsoup",22,20260918,60,117,95.02,82.02,76.33,1074,792,205,515,290,187,"PASS",0,"FAIL",3,"INCONCLUSIVE"
2,"Jsoup",23,20260918,60,72,92.04,94.54,89.54,396,365,51,204,152,134,"PASS",0,"PASS",0,"NOT_REVEALING"
2,"Jsoup",24,20260918,60,1,0,0,0,1902,0,72,0,770,0,"PASS",0,"PASS",0,"NOT_REVEALING"
2,"Jsoup",25,20260918,60,31,93.29,91.67,94.92,119,110,18,55,50,48,"PASS",0,"PASS",0,"NOT_REVEALING"
2,"Jsoup",26,20260918,60,2,42.02,42.86,41.18,66,27,6,21,14,5,"PASS",0,"PASS",0,"NOT_REVEALING"
2,"Jsoup",27,20260918,60,8,66.87,76.6,57.14,75,52,7,36,26,14,"PASS",0,"PASS",0,"NOT_REVEALING"
2,"Jsoup",28,20260918,60,42,83.38,82.51,84.27,360,297,48,179,116,91,"PASS",0,"FAIL",2,"INCONCLUSIVE"
2,"Jsoup",29,20260918,60,18,99.12,98.23,100,173,170,32,111,36,36,"PASS",0,"PASS",0,"NOT_REVEALING"
2,"Jsoup",3,20260918,60,68,84.71,64.95,65.55,615,384,90,215,218,138,"PASS",0,"FAIL",2,"INCONCLUSIVE"
2,"Jsoup",30,20260918,60,3,44.22,44,44.44,68,29,6,22,16,7,"PASS",0,"PASS",0,"NOT_REVEALING"
2,"Jsoup",31,20260918,60,44,45.25,44.92,45.59,2040,82,81,53,844,25,"PASS",0,"PASS",0,"NOT_REVEALING"
2,"Jsoup",32,20260918,60,38,93.68,55.3,43.48,509,251,90,167,148,53,"PASS",0,"PASS",0,"NOT_REVEALING"
2,"Jsoup",33,20260918,60,62,84.24,87.5,80.97,639,540,75,343,202,155,"PASS",0,"PASS",0,"NOT_REVEALING"
2,"Jsoup",34,20260918,60,52,100,100,100,275,275,30,136,130,130,"PASS",0,"PASS",0,"NOT_REVEALING"
2,"Jsoup",35,20260918,60,1,0,0,0,1845,0,41,0,782,0,"PASS",0,"PASS",0,"NOT_REVEALING"
2,"Jsoup",36,20260918,60,10,65.51,72.88,58.14,102,68,8,43,40,22,"PASS",0,"PASS",0,"NOT_REVEALING"
2,"Jsoup",37,20260918,60,31,92.87,52.13,35.75,526,234,91,159,160,47,"PASS",0,"PASS",0,"NOT_REVEALING"
2,"Jsoup",38,20260918,60,1,0,0,0,1847,0,42,0,782,0,"PASS",0,"PASS",0,"NOT_REVEALING"
2,"Jsoup",39,20260918,60,12,60.86,64.86,56.86,125,77,8,48,48,26,"PASS",0,"PASS",0,"NOT_REVEALING"
2,"Jsoup",4,20260918,60,6,83.93,85.71,82.14,63,53,5,30,26,21,"PASS",0,"PASS",0,"NOT_REVEALING"
2,"Jsoup",40,20260918,60,3,100,100,100,26,26,4,17,6,6,"PASS",0,"PASS",0,"NOT_REVEALING"
2,"Jsoup",41,20260918,60,38,91.2,59.57,43.21,567,293,92,193,182,67,"PASS",0,"PASS",0,"NOT_REVEALING"
2,"Jsoup",42,20260918,60,7,45.71,45,46.43,68,31,6,18,24,9,"PASS",0,"PASS",0,"NOT_REVEALING"
2,"Jsoup",43,20260918,60,37,92.01,45.85,36.89,569,234,92,149,182,57,"PASS",0,"PASS",0,"NOT_REVEALING"
2,"Jsoup",44,20260918,60,4,100,100,100,41,41,9,30,4,4,"PASS",0,"PASS",0,"NOT_REVEALING"
2,"Jsoup",45,20260918,60,58,72.81,76.02,69.6,617,450,77,279,204,128,"PASS",0,"PASS",0,"NOT_REVEALING"
2,"Jsoup",46,20260918,60,16,67.55,62.5,72.6,169,113,15,60,68,48,"PASS",0,"FAIL",1,"INCONCLUSIVE"
2,"Jsoup",47,20260918,60,15,61,56.25,65.75,169,102,15,54,68,43,"PASS",0,"PASS",0,"NOT_REVEALING"
2,"Jsoup",48,20260918,60,32,52.51,58.75,46.46,717,384,106,270,178,63,"PASS",0,"PASS",0,"NOT_REVEALING"
2,"Jsoup",49,20260918,60,32,93.53,97.81,88.81,362,341,57,223,102,87,"PASS",0,"PASS",0,"NOT_REVEALING"
2,"Jsoup",5,20260918,60,12,"","","",0,0,0,0,0,0,"PASS",0,"PASS",0,"NOT_REVEALING"
2,"Jsoup",50,20260918,60,14,59.68,63.22,56.14,144,87,12,55,52,27,"PASS",0,"FAIL",3,"INCONCLUSIVE"
2,"Jsoup",51,20260918,60,62,97.95,98.97,96.92,390,382,36,193,186,180,"PASS",0,"PASS",0,"NOT_REVEALING"
2,"Jsoup",52,20260918,60,27,82.72,88.69,76.75,339,254,31,157,132,81,"PASS",0,"FAIL",5,"INCONCLUSIVE"
2,"Jsoup",53,20260918,60,30,99.2,98.46,97.48,249,244,32,128,108,105,"PASS",0,"PASS",0,"NOT_REVEALING"
2,"Jsoup",54,20260918,60,9,96.48,92.96,100,101,93,9,66,26,26,"PASS",0,"PASS",0,"NOT_REVEALING"
2,"Jsoup",55,20260918,60,1,0,0,0,1830,0,74,0,746,0,"PASS",0,"PASS",0,"NOT_REVEALING"
2,"Jsoup",56,20260918,60,66,48.59,48.88,48.3,3839,140,134,83,1586,47,"PASS",0,"PASS",0,"NOT_REVEALING"
2,"Jsoup",57,20260918,60,35,81.73,78.57,84.88,212,170,32,99,76,68,"PASS",0,"PASS",0,"NOT_REVEALING"
2,"Jsoup",58,20260918,60,25,82.75,82.79,82.72,189,144,42,94,32,19,"PASS",0,"PASS",0,"NOT_REVEALING"
2,"Jsoup",59,20260918,60,52,"","","",0,0,0,0,0,0,"PASS",0,"PASS",0,"NOT_REVEALING"
2,"Jsoup",6,20260918,60,6,83.93,85.71,82.14,63,53,5,30,26,21,"PASS",0,"PASS",0,"NOT_REVEALING"
2,"Jsoup",60,20260918,60,65,99.24,98.53,96.9,265,259,32,134,118,114,"PASS",0,"FAIL",14,"INCONCLUSIVE"
2,"Jsoup",61,20260918,60,51,88.66,63.32,49.61,607,343,95,221,192,80,"PASS",0,"PASS",0,"NOT_REVEALING"
2,"Jsoup",62,20260918,60,1,0,0,0,1861,0,43,0,790,0,"PASS",0,"PASS",0,"NOT_REVEALING"
2,"Jsoup",63,20260918,60,94,80.82,84.93,77.25,892,725,105,449,298,217,"PASS",0,"NOT_RUN","","NOT_AVAILABLE"
2,"Jsoup",64,20260918,60,1,0,0,0,1908,0,43,0,840,0,"PASS",0,"PASS",0,"NOT_REVEALING"
2,"Jsoup",65,20260918,60,55,38.5,40.06,36.95,2530,478,121,298,1042,137,"PASS",0,"PASS",0,"NOT_REVEALING"
2,"Jsoup",66,20260918,60,81,88.44,94.56,85.02,673,605,109,365,212,169,"PASS",0,"PASS",0,"NOT_REVEALING"
2,"Jsoup",67,20260918,60,53,65.24,69.44,61.04,622,406,78,259,202,105,"PASS",0,"PASS",0,"NOT_REVEALING"
2,"Jsoup",68,20260918,60,60,70.96,74.6,67.98,627,449,78,279,206,125,"PASS",0,"PASS",0,"NOT_REVEALING"
2,"Jsoup",69,20260918,60,5,41.15,43.59,38.71,70,29,5,17,28,9,"PASS",0,"PASS",0,"NOT_REVEALING"
2,"Jsoup",7,20260918,60,17,100,100,100,125,125,25,80,26,26,"PASS",0,"PASS",0,"NOT_REVEALING"
2,"Jsoup",70,20260918,60,86,90.73,94.62,86.6,681,617,110,369,216,177,"PASS",0,"PASS",0,"NOT_REVEALING"
2,"Jsoup",71,20260918,60,117,94.8,98.49,91.1,390,370,104,196,108,92,"PASS",0,"PASS",0,"NOT_REVEALING"
2,"Jsoup",72,20260918,60,65,97.16,98.68,95.19,436,422,39,225,198,188,"PASS",0,"FAIL",1,"INCONCLUSIVE"
2,"Jsoup",73,20260918,60,10,94.92,92.96,96.88,103,94,9,66,28,27,"PASS",0,"PASS",0,"NOT_REVEALING"
2,"Jsoup",74,20260918,60,36,95.64,92.5,96.3,161,151,17,74,74,73,"PASS",0,"PASS",0,"NOT_REVEALING"
2,"Jsoup",75,20260918,60,30,83.21,82.93,83.5,267,220,44,136,84,73,"PASS",0,"PASS",0,"NOT_REVEALING"
2,"Jsoup",76,20260918,60,1,0.11,0.1,0.11,1918,2,43,1,844,0,"PASS",0,"PASS",0,"NOT_REVEALING"
2,"Jsoup",77,20260918,60,11,96,98.53,93.48,114,110,13,67,38,35,"PASS",0,"PASS",0,"NOT_REVEALING"
2,"Jsoup",78,20260918,60,15,56.25,66.67,45.83,201,114,15,70,90,39,"PASS",0,"PASS",0,"NOT_REVEALING"
2,"Jsoup",79,20260918,60,9,100,100,100,58,58,15,33,14,14,"PASS",0,"FAIL",1,"INCONCLUSIVE"
2,"Jsoup",8,20260918,60,22,97.42,95.68,98.44,203,194,39,133,40,40,"PASS",0,"FAIL",1,"INCONCLUSIVE"
2,"Jsoup",80,20260918,60,9,86.54,92.65,80.43,114,100,13,63,38,29,"PASS",0,"PASS",0,"NOT_REVEALING"
2,"Jsoup",81,20260918,60,18,60.45,69.91,50.98,215,130,15,79,96,47,"FAIL",1,"FAIL",1,"INCONCLUSIVE"
2,"Jsoup",82,20260918,60,14,36.45,42.2,30.69,210,76,13,46,96,27,"PASS",0,"PASS",0,"NOT_REVEALING"
2,"Jsoup",83,20260918,60,64,48.29,48.93,47.43,2297,430,114,229,954,193,"PASS",0,"PASS",0,"NOT_REVEALING"
2,"Jsoup",84,20260918,60,7,90.05,89.47,90.62,108,93,9,68,28,25,"PASS",0,"PASS",0,"NOT_REVEALING"
2,"Jsoup",85,20260918,60,25,92.73,93.65,91.8,124,113,20,59,50,45,"PASS",0,"FAIL",1,"INCONCLUSIVE"
2,"Jsoup",86,20260918,60,8,100,100,100,42,42,9,26,10,10,"PASS",0,"PASS",0,"NOT_REVEALING"
2,"Jsoup",87,20260918,60,177,66.07,68.91,63.09,3390,1289,255,768,1332,391,"PASS",0,"PASS",0,"NOT_REVEALING"
2,"Jsoup",88,20260918,60,25,92.78,93.75,91.8,125,114,20,60,50,45,"PASS",0,"PASS",0,"NOT_REVEALING"
2,"Jsoup",89,20260918,60,22,92.78,93.75,91.8,125,114,20,60,50,45,"PASS",0,"PASS",0,"NOT_REVEALING"
2,"Jsoup",9,20260918,60,7,89.32,89.74,88.89,66,59,6,35,24,21,"PASS",0,"PASS",0,"NOT_REVEALING"
2,"Jsoup",90,20260918,60,60,50.7,53.79,47.84,917,461,125,316,238,71,"PASS",0,"PASS",0,"NOT_REVEALING"
2,"Jsoup",91,20260918,60,65,98.56,99.39,97.07,473,455,42,246,214,201,"PASS",0,"PASS",0,"NOT_REVEALING"
2,"Jsoup",92,20260918,60,164,88.85,88.75,84.27,1023,849,140,528,328,254,"PASS",0,"PASS",0,"NOT_REVEALING"
2,"Jsoup",93,20260918,60,7,46.88,50,43.75,74,35,6,21,28,10,"PASS",0,"PASS",0,"NOT_REVEALING"
2,"JxPath",1,20260918,60,67,42.55,46.65,38.44,1387,588,84,358,582,204,"PASS",0,"PASS",0,"NOT_REVEALING"
2,"JxPath",10,20260918,60,5,78,79.07,76.92,82,64,8,34,36,27,"PASS",0,"PASS",0,"NOT_REVEALING"
2,"JxPath",11,20260918,60,21,99.2,100,98.39,196,195,11,110,84,83,"PASS",0,"PASS",0,"NOT_REVEALING"
2,"JxPath",12,20260918,60,43,55.62,62.05,49.18,666,369,44,224,288,133,"PASS",0,"FAIL",1,"INCONCLUSIVE"
2,"JxPath",13,20260918,60,52,70.39,72.83,67.94,760,451,54,271,324,164,"PASS",0,"FAIL",1,"INCONCLUSIVE"
2,"JxPath",14,20260918,60,89,66.57,64.41,68.73,709,468,43,228,340,229,"PASS",0,"PASS",0,"NOT_REVEALING"
2,"JxPath",15,20260918,60,4,100,94.44,100,33,31,3,17,14,14,"PASS",0,"PASS",0,"NOT_REVEALING"
2,"JxPath",16,20260918,60,80,44.3,47.65,40.96,1418,623,88,363,618,234,"PASS",0,"PASS",0,"NOT_REVEALING"
2,"JxPath",17,20260918,60,17,87.19,90.73,83.64,201,180,11,104,86,74,"PASS",0,"PASS",0,"NOT_REVEALING"
2,"JxPath",18,20260918,60,4,100,100,100,46,46,5,29,14,14,"PASS",0,"PASS",0,"NOT_REVEALING"
2,"JxPath",19,20260918,60,76,43.88,47.35,40.4,1347,584,84,341,586,216,"PASS",0,"PASS",0,"NOT_REVEALING"
2,"JxPath",2,20260918,60,12,100,100,100,54,54,12,35,12,12,"PASS",0,"PASS",0,"NOT_REVEALING"
2,"JxPath",20,20260918,60,9,95.11,95.35,94.87,82,78,8,41,36,34,"PASS",0,"PASS",0,"NOT_REVEALING"
2,"JxPath",21,20260918,60,20,68.44,72.46,64.41,128,87,18,50,52,32,"PASS",0,"PASS",0,"NOT_REVEALING"
2,"JxPath",22,20260918,60,44,57.42,62.43,52.41,665,380,44,221,294,146,"PASS",0,"PASS",0,"NOT_REVEALING"
2,"JxPath",3,20260918,60,25,92.53,89.61,95.45,121,110,24,69,26,24,"PASS",0,"PASS",0,"NOT_REVEALING"
2,"JxPath",4,20260918,60,77,44.43,47.85,41.02,1354,595,84,355,572,215,"PASS",0,"PASS",0,"NOT_REVEALING"
2,"JxPath",5,20260918,60,44,78.18,85.64,70.89,339,265,49,153,130,85,"PASS",0,"FAIL",1,"INCONCLUSIVE"
2,"JxPath",6,20260918,60,11,86.69,89.8,83.58,116,99,5,44,66,55,"PASS",0,"PASS",0,"NOT_REVEALING"
2,"JxPath",7,20260918,60,14,93.34,86.66,100,47,39,15,24,8,8,"PASS",0,"FAIL",1,"INCONCLUSIVE"
2,"JxPath",8,20260918,60,6,75.6,76.92,74.29,74,56,8,30,32,23,"PASS",0,"FAIL",1,"INCONCLUSIVE"
2,"JxPath",9,20260918,60,20,98.32,98.18,98.46,136,129,13,60,66,63,"PASS",0,"FAIL",1,"INCONCLUSIVE"
2,"Lang",1,20260918,60,108,89.26,94.4,84.12,716,635,48,337,348,291,"PASS",0,"PASS",0,"NOT_REVEALING"
2,"Lang",10,20260918,60,35,78.11,79.6,76.06,605,469,47,199,322,250,"PASS",0,"PASS",0,"NOT_REVEALING"
2,"Lang",11,20260918,60,15,84.44,80,88.89,118,100,12,44,54,47,"PASS",0,"FAIL",1,"INCONCLUSIVE"
2,"Lang",12,20260918,60,17,98.14,98.04,98.25,108,106,12,50,48,47,"PASS",0,"PASS",0,"NOT_REVEALING"
2,"Lang",13,20260918,60,10,78.65,78.12,79.17,88,62,8,50,20,15,"FAIL",1,"FAIL",1,"INCONCLUSIVE"
2,"Lang",14,20260918,60,416,92.26,93.43,91.02,2443,2251,167,1180,1146,1040,"PASS",0,"PASS",0,"NOT_REVEALING"
2,"Lang",15,20260918,60,24,37.81,39.46,36.15,595,225,28,118,292,103,"PASS",0,"PASS",0,"NOT_REVEALING"
2,"Lang",16,20260918,60,123,89.26,93.56,84.96,736,651,47,334,368,311,"PASS",0,"PASS",0,"NOT_REVEALING"
2,"Lang",17,20260918,60,6,96.97,93.94,100,50,47,5,31,14,14,"PASS",0,"PASS",0,"NOT_REVEALING"
2,"Lang",19,20260918,60,4,72.03,70.37,73.68,46,31,2,19,18,13,"PASS",0,"PASS",0,"NOT_REVEALING"
2,"Lang",20,20260918,60,429,93.24,94.15,92.33,2451,2283,165,1190,1154,1063,"PASS",0,"PASS",0,"NOT_REVEALING"
2,"Lang",21,20260918,60,100,96.5,98.42,94.59,630,608,61,311,280,263,"PASS",0,"PASS",0,"NOT_REVEALING"
2,"Lang",22,20260918,60,60,"","","",0,0,0,0,0,0,"PASS",0,"FAIL",1,"INCONCLUSIVE"
2,"Lang",23,20260918,60,8,38.33,42.51,34.15,290,111,19,71,112,32,"PASS",0,"PASS",0,"NOT_REVEALING"
2,"Lang",24,20260918,60,121,88.56,93.58,83.55,735,645,47,335,366,304,"PASS",0,"PASS",0,"NOT_REVEALING"
2,"Lang",27,20260918,60,118,89.39,93.26,85.52,729,647,47,332,362,308,"PASS",0,"PASS",0,"NOT_REVEALING"
2,"Lang",28,20260918,60,1,20.83,15,26.67,35,7,2,3,14,3,"PASS",0,"PASS",0,"NOT_REVEALING"
2,"Lang",29,20260918,60,25,73.68,73.91,73.44,133,97,24,51,50,39,"PASS",0,"PASS",0,"NOT_REVEALING"
2,"Lang",3,20260918,60,104,88.87,94.08,83.66,710,627,48,334,344,286,"PASS",0,"PASS",0,"NOT_REVEALING"
2,"Lang",30,20260918,60,410,94.51,94.79,94.24,2283,2158,158,1127,1060,997,"PASS",0,"NOT_RUN","","NOT_AVAILABLE"
2,"Lang",31,20260918,60,412,94.47,94.65,94.28,2262,2137,158,1115,1050,988,"FAIL",1,"FAIL",1,"INCONCLUSIVE"
2,"Lang",32,20260918,60,30,89.18,90.34,86.49,256,226,37,130,88,75,"PASS",0,"FAIL",3,"INCONCLUSIVE"
2,"Lang",33,20260918,60,56,72.34,77.43,67.25,486,352,36,199,220,146,"PASS",0,"PASS",0,"NOT_REVEALING"
2,"Lang",34,20260918,60,105,84.68,85.85,81.36,804,677,122,437,218,171,"PASS",0,"PASS",0,"NOT_REVEALING"
2,"Lang",35,20260918,60,333,97.05,98.31,96.02,1800,1747,175,929,806,772,"PASS",0,"PASS",0,"NOT_REVEALING"
2,"Lang",36,20260918,60,120,89.76,94.32,85.21,717,639,47,332,354,300,"PASS",0,"PASS",0,"NOT_REVEALING"
2,"Lang",37,20260918,60,342,97.82,98.93,96.71,1784,1746,174,922,804,776,"PASS",0,"PASS",0,"NOT_REVEALING"
2,"Lang",38,20260918,60,46,77.15,79.3,74.77,898,689,96,358,380,274,"PASS",0,"PASS",0,"NOT_REVEALING"
2,"Lang",39,20260918,60,398,94.27,94.4,94.33,2166,2043,151,1063,1010,951,"PASS",0,"PASS",0,"NOT_REVEALING"
2,"Lang",4,20260918,60,3,100,100,100,39,39,2,25,14,14,"PASS",0,"PASS",0,"NOT_REVEALING"
2,"Lang",40,20260918,60,393,94.72,95.53,94.09,2128,2018,150,1047,1002,941,"PASS",0,"PASS",0,"NOT_REVEALING"
2,"Lang",41,20260918,60,52,67.03,73.77,60.29,453,305,36,180,200,118,"PASS",0,"FAIL",1,"INCONCLUSIVE"
2,"Lang",42,20260918,60,26,87.28,89.29,85.39,285,249,37,173,68,55,"PASS",0,"PASS",0,"NOT_REVEALING"
2,"Lang",43,20260918,60,8,35.42,41.57,29.27,289,104,19,69,112,26,"PASS",0,"PASS",0,"NOT_REVEALING"
2,"Lang",44,20260918,60,57,80.66,86.84,74.47,425,335,19,165,226,166,"PASS",0,"PASS",0,"NOT_REVEALING"
2,"Lang",45,20260918,60,35,99.17,99.28,99.07,246,244,14,137,102,101,"PASS",0,"PASS",0,"NOT_REVEALING"
2,"Lang",46,20260918,60,47,89.76,76.71,86.23,357,280,25,168,130,112,"PASS",0,"PASS",0,"NOT_REVEALING"
2,"Lang",47,20260918,60,242,99.28,99.28,99.29,1256,1247,152,691,492,488,"PASS",0,"FAIL",2,"INCONCLUSIVE"
2,"Lang",49,20260918,60,54,"","","",0,0,0,0,0,0,"PASS",0,"PASS",0,"NOT_REVEALING"
2,"Lang",5,20260918,60,20,79.91,55.26,55.38,141,78,10,42,60,31,"PASS",0,"PASS",0,"NOT_REVEALING"
2,"Lang",50,20260918,60,57,79.53,80.26,78.12,904,713,96,366,384,291,"PASS",0,"PASS",0,"NOT_REVEALING"
2,"Lang",51,20260918,60,104,91.59,97.66,87,394,360,37,167,216,187,"PASS",0,"PASS",0,"NOT_REVEALING"
2,"Lang",52,20260918,60,36,82.72,67.43,79.82,289,204,21,118,106,84,"PASS",0,"FAIL",1,"INCONCLUSIVE"
2,"Lang",53,20260918,60,70,93.56,94.88,92.23,421,394,30,204,194,178,"PASS",0,"PASS",0,"NOT_REVEALING"
2,"Lang",54,20260918,60,20,84.06,87.84,80.28,145,122,9,65,68,53,"PASS",0,"PASS",0,"NOT_REVEALING"
2,"Lang",55,20260918,60,17,97.46,98.25,96.67,87,85,12,56,26,25,"PASS",0,"PASS",0,"NOT_REVEALING"
2,"Lang",56,20260918,60,55,81.98,85.21,78.3,900,733,95,380,384,282,"PASS",0,"PASS",0,"NOT_REVEALING"
2,"Lang",57,20260918,60,17,84.06,87.84,80.28,145,122,9,62,68,49,"PASS",0,"PASS",0,"NOT_REVEALING"
2,"Lang",58,20260918,60,146,87.65,92.57,83.67,858,752,53,386,430,358,"PASS",0,"PASS",0,"NOT_REVEALING"
2,"Lang",59,20260918,60,222,99.4,99.39,99.42,1173,1166,130,652,464,461,"PASS",0,"PASS",0,"NOT_REVEALING"
2,"Lang",6,20260918,60,6,96.67,93.33,100,45,42,5,28,12,12,"PASS",0,"PASS",0,"NOT_REVEALING"
2,"Lang",60,20260918,60,219,99.17,99.7,98.65,1173,1164,130,654,464,457,"PASS",0,"PASS",0,"NOT_REVEALING"
2,"Lang",61,20260918,60,224,99.81,99.85,99.42,1173,1169,130,655,464,461,"PASS",0,"PASS",0,"NOT_REVEALING"
2,"Lang",62,20260918,60,25,82.58,86.52,76.99,343,286,35,193,94,64,"PASS",0,"PASS",0,"NOT_REVEALING"
2,"Lang",63,20260918,60,19,91.87,92.65,91.08,402,370,21,227,144,131,"PASS",0,"NOT_RUN","","NOT_AVAILABLE"
2,"Lang",64,20260918,60,2,17.42,16.67,18.18,29,4,5,3,8,2,"PASS",0,"PASS",0,"NOT_REVEALING"
2,"Lang",65,20260918,60,70,98.07,99.48,96.67,373,366,30,192,168,162,"PASS",0,"PASS",0,"NOT_REVEALING"
2,"Lang",7,20260918,60,123,90.28,95.03,85.53,749,670,47,344,376,320,"PASS",0,"FAIL",1,"INCONCLUSIVE"
2,"Lang",8,20260918,60,58,81.11,83.08,78.25,685,550,72,275,302,238,"PASS",0,"PASS",0,"NOT_REVEALING"
2,"Lang",9,20260918,60,38,79.26,71.72,74.07,595,435,47,175,318,240,"PASS",0,"FAIL",33,"INCONCLUSIVE"
2,"Math",1,20260918,60,108,"","","",0,0,0,0,0,0,"PASS",0,"PASS",0,"NOT_REVEALING"
2,"Math",10,20260918,60,43,"","","",0,0,0,0,0,0,"PASS",0,"PASS",0,"NOT_REVEALING"
2,"Math",100,20260918,60,8,100,100,100,101,101,12,73,22,22,"PASS",0,"PASS",0,"NOT_REVEALING"
2,"Math",101,20260918,60,18,98.97,99.3,98.63,216,214,28,142,56,56,"PASS",0,"PASS",0,"NOT_REVEALING"
2,"Math",102,20260918,60,27,100,99.1,100,204,202,18,110,86,86,"PASS",0,"PASS",0,"NOT_REVEALING"
2,"Math",103,20260918,60,6,100,100,100,57,57,11,37,14,14,"PASS",0,"PASS",0,"NOT_REVEALING"
2,"Math",104,20260918,60,15,97.73,95.45,100,89,87,8,42,40,40,"PASS",0,"PASS",0,"NOT_REVEALING"
2,"Math",105,20260918,60,12,100,100,100,104,104,22,71,18,18,"PASS",0,"PASS",0,"NOT_REVEALING"
2,"Math",106,20260918,60,10,100,100,100,79,79,7,57,18,18,"PASS",0,"PASS",0,"NOT_REVEALING"
2,"Math",11,20260918,60,8,100,98.31,100,90,88,8,58,28,28,"PASS",0,"FAIL",1,"INCONCLUSIVE"
2,"Math",12,20260918,60,9,100,100,100,68,68,10,48,14,14,"PASS",0,"PASS",0,"NOT_REVEALING"
2,"Math",13,20260918,60,1,0,0,0,116,0,22,0,18,0,"PASS",0,"PASS",0,"NOT_REVEALING"
2,"Math",14,20260918,60,11,83.72,82.43,85,75,55,16,37,14,8,"PASS",0,"PASS",0,"NOT_REVEALING"
2,"Math",15,20260918,60,248,89.17,92.68,85.66,2306,2079,79,1368,808,689,"PASS",0,"PASS",0,"NOT_REVEALING"
2,"Math",16,20260918,60,240,88.29,92.14,84.43,2286,2043,79,1349,800,672,"PASS",0,"PASS",0,"NOT_REVEALING"
2,"Math",17,20260918,60,7,23.14,25.61,20.67,1835,425,70,263,776,160,"PASS",0,"PASS",0,"NOT_REVEALING"
2,"Math",18,20260918,60,11,59.37,65.09,52.41,797,479,54,330,276,140,"PASS",0,"PASS",0,"NOT_REVEALING"
2,"Math",19,20260918,60,11,59.78,65.86,52.45,784,475,54,328,272,138,"PASS",0,"PASS",0,"NOT_REVEALING"
2,"Math",2,20260918,60,15,100,98.65,100,112,110,18,73,26,26,"PASS",0,"PASS",0,"NOT_REVEALING"
2,"Math",20,20260918,60,8,59.68,65.79,52.3,780,472,54,327,268,136,"PASS",0,"PASS",0,"NOT_REVEALING"
2,"Math",21,20260918,60,6,100,100,100,82,82,3,52,28,28,"PASS",0,"PASS",0,"NOT_REVEALING"
2,"Math",22,20260918,60,16,100,97.54,100,131,127,31,84,22,22,"PASS",0,"FAIL",2,"INCONCLUSIVE"
2,"Math",23,20260918,60,8,96.07,97.48,94.67,194,187,4,116,74,70,"PASS",0,"FAIL",4,"INCONCLUSIVE"
2,"Math",24,20260918,60,5,87.52,92.37,82.67,193,171,4,109,74,61,"PASS",0,"PASS",0,"NOT_REVEALING"
2,"Math",25,20260918,60,4,97.91,98.94,96.88,126,124,8,93,28,27,"PASS",0,"PASS",0,"NOT_REVEALING"
2,"Math",26,20260918,60,49,"","","",0,0,0,0,0,0,"PASS",0,"PASS",0,"NOT_REVEALING"
2,"Math",27,20260918,60,46,"","","",0,0,0,0,0,0,"PASS",0,"PASS",0,"NOT_REVEALING"
2,"Math",28,20260918,60,7,100,100,100,129,129,7,79,48,48,"PASS",0,"PASS",0,"NOT_REVEALING"
2,"Math",29,20260918,60,50,100,100,100,480,480,58,319,134,134,"PASS",0,"FAIL",1,"INCONCLUSIVE"
2,"Math",3,20260918,60,88,99.25,99.28,99.22,670,665,44,412,242,240,"PASS",0,"PASS",0,"NOT_REVEALING"
2,"Math",30,20260918,60,5,100,100,100,49,49,7,34,10,10,"PASS",0,"PASS",0,"NOT_REVEALING"
2,"Math",31,20260918,60,1,0,0,0,93,0,5,0,30,0,"PASS",0,"PASS",0,"NOT_REVEALING"
2,"Math",32,20260918,60,7,86.85,89.82,83.87,260,226,20,150,80,66,"PASS",0,"PASS",0,"NOT_REVEALING"
2,"Math",33,20260918,60,26,94.49,95.14,93.84,331,313,32,176,128,121,"PASS",0,"PASS",0,"NOT_REVEALING"
2,"Math",34,20260918,60,16,96.28,96,96.55,79,76,13,48,22,21,"PASS",0,"PASS",0,"NOT_REVEALING"
2,"Math",35,20260918,60,5,100,100,100,29,29,5,19,6,6,"PASS",0,"FAIL",3,"INCONCLUSIVE"
2,"Math",36,20260918,60,60,"","","",0,0,0,0,0,0,"PASS",0,"PASS",0,"NOT_REVEALING"
2,"Math",37,20260918,60,72,99.47,96.26,95.91,385,370,44,206,158,151,"PASS",0,"PASS",0,"NOT_REVEALING"
2,"Math",38,20260918,60,2,0.49,0.67,0.31,1850,10,15,8,644,0,"PASS",0,"PASS",0,"NOT_REVEALING"
2,"Math",39,20260918,60,8,95.41,94.39,96.43,163,155,9,101,48,46,"PASS",0,"PASS",0,"NOT_REVEALING"
2,"Math",4,20260918,60,26,100,97.16,100,137,133,15,82,44,44,"PASS",0,"PASS",0,"NOT_REVEALING"
2,"Math",40,20260918,60,18,98.94,99.2,98.68,201,199,9,124,72,71,"PASS",0,"PASS",0,"NOT_REVEALING"
2,"Math",41,20260918,60,21,94.92,100,89.83,182,176,21,111,46,40,"PASS",0,"PASS",0,"NOT_REVEALING"
2,"Math",42,20260918,60,19,95.9,96.72,95.07,325,312,32,177,124,119,"PASS",0,"FAIL",1,"INCONCLUSIVE"
2,"Math",43,20260918,60,33,100,100,100,301,301,39,192,58,58,"PASS",0,"PASS",0,"NOT_REVEALING"
2,"Math",44,20260918,60,14,86.03,87.93,84.13,179,154,23,102,44,35,"PASS",0,"PASS",0,"NOT_REVEALING"
2,"Math",45,20260918,60,11,63.98,66.67,61.29,127,83,16,64,22,10,"PASS",0,"FAIL",4,"INCONCLUSIVE"
2,"Math",46,20260918,60,68,99.43,98.47,98.14,357,351,42,193,148,145,"PASS",0,"FAIL",1,"INCONCLUSIVE"
2,"Math",47,20260918,60,66,99.42,96.92,96.77,350,339,42,189,142,137,"PASS",0,"FAIL",1,"INCONCLUSIVE"
2,"Math",48,20260918,60,18,95.56,95.52,95.59,135,129,8,64,62,59,"PASS",0,"PASS",0,"NOT_REVEALING"
2,"Math",49,20260918,60,51,100,100,100,558,558,69,376,152,152,"PASS",0,"PASS",0,"NOT_REVEALING"
2,"Math",5,20260918,60,76,99.23,99.09,98.36,403,398,44,218,170,167,"PASS",0,"FAIL",1,"INCONCLUSIVE"
2,"Math",50,20260918,60,19,93.52,92.75,94.29,139,130,8,64,64,60,"PASS",0,"PASS",0,"NOT_REVEALING"
2,"Math",51,20260918,60,19,96.95,96.92,96.97,131,127,8,63,60,58,"PASS",0,"PASS",0,"NOT_REVEALING"
2,"Math",52,20260918,60,57,96.59,95.63,95.52,500,478,21,350,122,116,"PASS",0,"PASS",0,"NOT_REVEALING"
2,"Math",53,20260918,60,50,99.3,96.95,96.03,290,280,35,159,114,109,"PASS",0,"PASS",0,"NOT_REVEALING"
2,"Math",54,20260918,60,6,24.09,26.36,21.81,1755,424,62,262,732,160,"PASS",0,"PASS",0,"NOT_REVEALING"
2,"Math",55,20260918,60,40,100,97.12,97.37,180,175,35,101,48,46,"PASS",0,"PASS",0,"NOT_REVEALING"
2,"Math",56,20260918,60,15,100,100,100,116,116,15,73,34,34,"PASS",0,"FAIL",1,"INCONCLUSIVE"
2,"Math",6,20260918,60,32,34.02,34.55,32.61,1831,291,115,202,590,54,"PASS",0,"FAIL",1,"INCONCLUSIVE"
2,"Math",7,20260918,60,13,69.11,68.22,70,199,136,23,88,52,33,"PASS",0,"PASS",0,"NOT_REVEALING"
2,"Math",8,20260918,60,10,96.83,95,96.15,66,62,7,38,24,23,"PASS",0,"NOT_RUN","","NOT_AVAILABLE"
2,"Math",84,20260918,60,2,88.73,94.12,83.33,46,42,4,32,10,8,"PASS",0,"PASS",0,"NOT_REVEALING"
2,"Math",85,20260918,60,12,95.83,91.67,100,62,59,8,33,22,22,"PASS",0,"PASS",0,"NOT_REVEALING"
2,"Math",86,20260918,60,8,39.33,41.74,36.92,180,72,13,48,60,22,"PASS",0,"PASS",0,"NOT_REVEALING"
2,"Math",87,20260918,60,19,94.32,96.05,92.59,260,235,31,146,92,86,"PASS",0,"FAIL",2,"INCONCLUSIVE"
2,"Math",88,20260918,60,18,95.3,96.05,94.55,262,249,31,146,94,90,"PASS",0,"PASS",0,"NOT_REVEALING"
2,"Math",89,20260918,60,21,"","","",0,0,0,0,0,0,"PASS",0,"PASS",0,"NOT_REVEALING"
2,"Math",9,20260918,60,15,100,100,100,72,72,17,45,16,16,"PASS",0,"PASS",0,"NOT_REVEALING"
2,"Math",90,20260918,60,23,"","","",0,0,0,0,0,0,"PASS",0,"FAIL",1,"INCONCLUSIVE"
2,"Math",91,20260918,60,40,"","","",0,0,0,0,0,0,"PASS",0,"PASS",0,"NOT_REVEALING"
2,"Math",92,20260918,60,111,89.81,87.83,91.8,474,426,43,202,232,212,"PASS",0,"FAIL",1,"INCONCLUSIVE"
2,"Math",93,20260918,60,109,89.14,87.11,91.18,463,413,43,196,226,205,"PASS",0,"PASS",0,"NOT_REVEALING"
2,"Math",94,20260918,60,109,92.6,91.56,93.64,461,427,43,206,224,209,"PASS",0,"PASS",0,"NOT_REVEALING"
2,"Math",95,20260918,60,6,100,100,100,46,46,10,30,10,10,"PASS",0,"PASS",0,"NOT_REVEALING"
2,"Math",96,20260918,60,37,97.52,96.35,94.44,245,233,29,132,102,96,"PASS",0,"FAIL",1,"INCONCLUSIVE"
2,"Math",97,20260918,60,10,100,100,100,136,136,4,89,46,46,"PASS",0,"FAIL",1,"INCONCLUSIVE"
2,"Math",98,20260918,60,149,87.58,88.1,86.11,1550,1348,108,801,554,473,"PASS",0,"PASS",0,"NOT_REVEALING"
2,"Math",99,20260918,60,128,93.68,92.54,94.83,558,523,44,248,280,265,"PASS",0,"PASS",0,"NOT_REVEALING"
2,"Mockito",1,20260918,60,8,31.97,40.98,22.95,122,39,15,25,54,8,"PASS",0,"PASS",0,"NOT_REVEALING"
2,"Mockito",10,20260918,60,2,10,10,10,60,5,16,4,8,0,"PASS",0,"PASS",0,"NOT_REVEALING"
2,"Mockito",11,20260918,60,1,82.14,100,64.29,27,22,10,13,6,1,"PASS",0,"PASS",0,"NOT_REVEALING"
2,"Mockito",12,20260918,60,1,26.67,33.33,20,11,3,2,2,4,0,"PASS",0,"PASS",0,"NOT_REVEALING"
2,"Mockito",13,20260918,60,6,83.68,80,64.71,57,41,8,32,10,4,"PASS",0,"PASS",0,"NOT_REVEALING"
2,"Mockito",14,20260918,60,27,80.49,76.19,81.32,154,115,23,81,32,24,"PASS",0,"PASS",0,"NOT_REVEALING"
2,"Mockito",15,20260918,60,2,58.44,45.45,71.43,18,10,4,5,2,2,"PASS",0,"PASS",0,"NOT_REVEALING"
2,"Mockito",16,20260918,60,43,91.47,88.68,91.19,164,140,45,83,26,21,"FAIL",1,"FAIL",1,"INCONCLUSIVE"
2,"Mockito",17,20260918,60,22,80.32,79.73,79.55,109,83,21,46,34,25,"PASS",0,"PASS",0,"NOT_REVEALING"
2,"Mockito",18,20260918,60,2,43.24,45.45,41.03,83,36,3,20,38,15,"PASS",0,"PASS",0,"NOT_REVEALING"
2,"Mockito",19,20260918,60,8,40.24,62.05,58.43,107,38,15,27,26,7,"PASS",0,"NOT_RUN","","NOT_AVAILABLE"
2,"Mockito",2,20260918,60,2,81.25,100,62.5,16,13,3,8,6,3,"PASS",0,"FAIL",1,"INCONCLUSIVE"
2,"Mockito",20,20260918,60,4,52.5,55,50,54,26,9,22,10,4,"PASS",0,"PASS",0,"NOT_REVEALING"
2,"Mockito",21,20260918,60,2,96.88,93.75,100,22,20,5,15,2,2,"PASS",0,"PASS",0,"NOT_REVEALING"
2,"Mockito",22,20260918,60,7,55.77,69.23,42.31,39,20,6,9,24,9,"PASS",0,"PASS",0,"NOT_REVEALING"
2,"Mockito",23,20260918,60,2,15.56,19.35,11.76,48,7,10,6,8,0,"PASS",0,"PASS",0,"NOT_REVEALING"
2,"Mockito",24,20260918,60,2,44.35,45.45,43.24,81,36,3,20,36,15,"PASS",0,"PASS",0,"NOT_REVEALING"
2,"Mockito",25,20260918,60,2,20.45,22.73,18.18,33,6,6,5,6,0,"PASS",0,"PASS",0,"NOT_REVEALING"
2,"Mockito",26,20260918,60,6,100,100,100,14,14,5,7,4,4,"PASS",0,"PASS",0,"NOT_REVEALING"
2,"Mockito",27,20260918,60,8,69.71,66.67,70.37,69,45,10,28,22,14,"PASS",0,"PASS",0,"NOT_REVEALING"
2,"Mockito",28,20260918,60,2,29.18,27.59,30.77,42,11,5,8,10,2,"PASS",0,"PASS",0,"NOT_REVEALING"
2,"Mockito",29,20260918,60,4,90.42,93.33,87.5,23,21,4,14,6,5,"PASS",0,"PASS",0,"NOT_REVEALING"
2,"Mockito",3,20260918,60,5,32.36,40.98,23.73,120,39,13,21,52,7,"PASS",0,"PASS",0,"NOT_REVEALING"
2,"Mockito",30,20260918,60,49,53.22,51.92,54.53,177,136,56,83,16,8,"PASS",0,"NOT_RUN","","NOT_AVAILABLE"
2,"Mockito",31,20260918,60,1,14.58,16.67,12.5,26,4,5,3,6,0,"PASS",0,"PASS",0,"NOT_REVEALING"
2,"Mockito",32,20260918,60,4,44.57,39.13,50,37,16,4,9,12,5,"PASS",0,"PASS",0,"NOT_REVEALING"
2,"Mockito",33,20260918,60,6,32.79,40,25.58,88,27,14,17,34,4,"PASS",0,"PASS",0,"NOT_REVEALING"
2,"Mockito",34,20260918,60,2,18.25,23.68,12.82,77,14,13,9,30,2,"PASS",0,"PASS",0,"NOT_REVEALING"
2,"Mockito",35,20260918,60,46,100,100,100,100,100,50,50,0,0,"PASS",0,"FAIL",2,"INCONCLUSIVE"
2,"Mockito",36,20260918,60,2,5.8,8.57,3.03,136,7,29,6,44,0,"PASS",0,"PASS",0,"NOT_REVEALING"
2,"Mockito",37,20260918,60,6,55.56,62.96,48.15,54,29,5,17,26,12,"PASS",0,"PASS",0,"NOT_REVEALING"
2,"Mockito",38,20260918,60,1,8.89,11.11,6.67,33,3,4,2,12,0,"PASS",0,"PASS",0,"NOT_REVEALING"
2,"Mockito",4,20260918,60,69,84.73,82.8,86.67,247,201,75,124,20,9,"PASS",0,"FAIL",2,"INCONCLUSIVE"
2,"Mockito",5,20260918,60,7,70.83,61.11,77.78,54,33,9,22,12,9,"PASS",0,"PASS",0,"NOT_REVEALING"
2,"Mockito",6,20260918,60,50,100,100,100,108,108,54,54,0,0,"PASS",0,"PASS",0,"NOT_REVEALING"
2,"Mockito",7,20260918,60,11,18.26,15.61,20.91,283,50,48,25,84,14,"PASS",0,"PASS",0,"NOT_REVEALING"
2,"Mockito",8,20260918,60,11,18.5,15.7,21.3,280,50,48,25,82,14,"PASS",0,"PASS",0,"NOT_REVEALING"
2,"Mockito",9,20260918,60,1,100,100,100,4,4,2,2,0,0,"PASS",0,"PASS",0,"NOT_REVEALING"
2,"Time",1,20260918,60,75,94.93,95.54,91.72,467,447,70,292,118,112,"PASS",0,"FAIL",2,"INCONCLUSIVE"
2,"Time",10,20260918,60,25,95.03,95.71,94.34,123,117,16,67,46,44,"PASS",0,"PASS",0,"NOT_REVEALING"
2,"Time",11,20260918,60,35,48.23,48.21,48.26,620,291,34,188,216,102,"FAIL",1,"FAIL",1,"INCONCLUSIVE"
2,"Time",12,20260918,60,224,94.02,94.04,93.62,1092,1025,251,614,258,235,"PASS",0,"PASS",0,"NOT_REVEALING"
2,"Time",13,20260918,60,77,63.77,70.3,57.44,1241,795,97,471,526,284,"PASS",0,"PASS",0,"NOT_REVEALING"
2,"Time",14,20260918,60,19,98.68,99.12,98.25,171,169,18,111,46,46,"PASS",0,"FAIL",1,"INCONCLUSIVE"
2,"Time",15,20260918,60,43,96.04,97.33,94.74,151,144,16,73,74,70,"PASS",0,"PASS",0,"NOT_REVEALING"
2,"Time",16,20260918,60,46,"","","",0,0,0,0,0,0,"PASS",0,"PASS",0,"NOT_REVEALING"
2,"Time",17,20260918,60,44,84.53,87.87,81.18,524,439,48,297,164,134,"FAIL",1,"FAIL",1,"INCONCLUSIVE"
2,"Time",18,20260918,60,20,63.17,70.38,55.96,534,348,74,240,152,80,"PASS",0,"PASS",0,"NOT_REVEALING"
2,"Time",19,20260918,60,44,80.06,84.32,75.81,524,417,48,285,164,124,"PASS",0,"PASS",0,"NOT_REVEALING"
2,"Time",2,20260918,60,75,95.18,95.75,91.9,464,449,70,290,118,113,"PASS",0,"FAIL",1,"INCONCLUSIVE"
2,"Time",20,20260918,60,124,63.03,66.18,57.87,1747,1077,179,677,616,315,"PASS",0,"PASS",0,"NOT_REVEALING"
2,"Time",22,20260918,60,28,95.57,98.83,92.31,249,241,32,169,58,52,"PASS",0,"PASS",0,"NOT_REVEALING"
2,"Time",23,20260918,60,47,84.27,88.43,80.11,523,438,48,298,164,132,"PASS",0,"PASS",0,"NOT_REVEALING"
2,"Time",24,20260918,60,19,97.8,99.3,96.3,223,219,28,141,64,61,"PASS",0,"PASS",0,"NOT_REVEALING"
2,"Time",25,20260918,60,43,78.88,83.59,73.3,499,390,47,270,154,112,"FAIL",1,"FAIL",1,"INCONCLUSIVE"
2,"Time",26,20260918,60,101,89.06,91.62,86.5,514,405,50,278,158,116,"PASS",0,"PASS",0,"NOT_REVEALING"
2,"Time",27,20260918,60,88,79.61,84.01,75.75,1234,990,97,562,520,383,"PASS",0,"PASS",0,"NOT_REVEALING"
2,"Time",3,20260918,60,87,95.76,95.8,95,378,360,103,228,50,45,"PASS",0,"PASS",0,"NOT_REVEALING"
2,"Time",4,20260918,60,54,98.66,98.02,97.76,387,377,45,248,106,103,"PASS",0,"FAIL",1,"INCONCLUSIVE"
2,"Time",5,20260918,60,74,"","","",0,0,0,0,0,0,"PASS",0,"FAIL",2,"INCONCLUSIVE"
2,"Time",6,20260918,60,26,66.4,73.18,59.62,566,385,74,262,168,95,"PASS",0,"PASS",0,"NOT_REVEALING"
2,"Time",7,20260918,60,51,"","","",0,0,0,0,0,0,"PASS",0,"PASS",0,"NOT_REVEALING"
2,"Time",8,20260918,60,50,79.56,84,75.12,551,434,48,294,180,135,"PASS",0,"PASS",0,"NOT_REVEALING"
2,"Time",9,20260918,60,46,80.81,85.84,75.77,540,435,48,297,172,130,"PASS",0,"FAIL",2,"INCONCLUSIVE"
